Year,Round,RaceName,Driver,Team,SprintPosition,SprintGrid,SprintPoints,Status,Laps,Finished,ShootoutPosition,SprintAvgLapTime,MainQualiTime,SprintPaceDelta,Driver_encoded,Team_encoded,Circuit_encoded,Driver_Sprint_Avg_Last3,Team_Sprint_Avg_Last3,MainRace_Avg_Last5,Team_Championship_Points
2021,10,British Grand Prix,VER,Red Bull Racing,1.0,2.0,3.0,Finished,17.0,1,1.0,90.3708125,86.209,-0.0189040459898578,33,14,6,10.480167014613778,10.480167014613778,2.4,790.0
2021,10,British Grand Prix,HAM,Mercedes,2.0,1.0,2.0,Finished,17.0,1,2.0,90.388375,86.134,-0.0178515073494542,12,11,6,10.480167014613778,10.480167014613778,10.0,604.5
2021,10,British Grand Prix,BOT,Mercedes,3.0,3.0,1.0,Finished,17.0,1,3.0,90.7175625,86.328,-0.0165386841088607,5,11,6,10.480167014613778,2.0,15.8,604.5
2021,10,British Grand Prix,LEC,Ferrari,4.0,4.0,0.0,Finished,17.0,1,4.0,90.8916875,86.828,-0.020418690367622,17,7,6,10.480167014613778,10.480167014613778,7.6,595.0
2021,10,British Grand Prix,NOR,McLaren,5.0,6.0,0.0,Finished,17.0,1,5.0,91.56143749999998,86.897,-0.0139983788759496,22,10,6,10.480167014613778,10.480167014613778,6.4,775.0
2021,10,British Grand Prix,RIC,McLaren,6.0,7.0,0.0,Finished,17.0,1,6.0,91.915125,86.899,-0.0102114533706552,27,10,6,10.480167014613778,5.0,13.2,775.0
2021,10,British Grand Prix,ALO,Alpine,7.0,11.0,0.0,Finished,17.0,1,7.0,92.82525,,0.0,1,3,6,10.480167014613778,10.480167014613778,11.2,170.0
2021,10,British Grand Prix,VET,Aston Martin,8.0,10.0,0.0,Finished,17.0,1,8.0,92.7165625,87.179,-0.004801497043013,34,4,6,10.480167014613778,10.480167014613778,9.8,266.0
2021,10,British Grand Prix,RUS,Williams,9.0,8.0,0.0,Finished,17.0,1,9.0,92.808,86.971,-0.001422156804997,28,15,6,10.480167014613778,10.480167014613778,3.6,124.0
2021,10,British Grand Prix,OCO,Alpine,10.0,13.0,0.0,Finished,17.0,1,10.0,92.84,,0.0,23,3,6,10.480167014613778,7.0,10.8,170.0
2021,10,British Grand Prix,SAI,Ferrari,11.0,9.0,0.0,Finished,17.0,1,11.0,92.632875,87.007,-0.0037230263964067,29,7,6,10.480167014613778,4.0,9.8,595.0
2021,10,British Grand Prix,GAS,AlphaTauri,12.0,12.0,0.0,Finished,17.0,1,12.0,92.8885,,0.0,9,2,6,10.480167014613778,10.480167014613778,13.6,142.0
2021,10,British Grand Prix,RAI,Alfa Romeo Racing,13.0,17.0,0.0,Finished,17.0,1,13.0,92.955375,,0.0,26,1,6,10.480167014613778,10.480167014613778,13.6,13.0
2021,10,British Grand Prix,STR,Aston Martin,14.0,15.0,0.0,Finished,17.0,1,14.0,93.00975,,0.0,31,4,6,10.480167014613778,8.0,15.6,266.0
2021,10,British Grand Prix,GIO,Alfa Romeo Racing,15.0,14.0,0.0,Finished,17.0,1,15.0,93.0463125,,0.0,10,1,6,10.480167014613778,13.0,13.2,13.0
2021,10,British Grand Prix,TSU,AlphaTauri,16.0,16.0,0.0,Finished,17.0,1,16.0,93.02293749999998,,0.0,32,2,6,10.480167014613778,12.0,12.8,142.0
2021,10,British Grand Prix,LAT,Williams,17.0,18.0,0.0,Finished,17.0,1,17.0,93.1469375,,0.0,15,15,6,10.480167014613778,9.0,15.8,124.0
2021,10,British Grand Prix,MSC,Haas F1 Team,18.0,19.0,0.0,Finished,17.0,1,18.0,93.8594375,,0.0,21,8,6,10.480167014613778,10.480167014613778,15.4,73.0
2021,10,British Grand Prix,MAZ,Haas F1 Team,19.0,20.0,0.0,Finished,17.0,1,19.0,94.013375,,0.0,20,8,6,10.480167014613778,18.0,17.75,73.0
2021,10,British Grand Prix,PER,Red Bull Racing,20.0,5.0,0.0,Vibrations,16.0,0,20.0,93.10985714285714,86.844,0.0032914172108786,24,14,6,10.480167014613778,1.0,14.8,790.0
2021,14,Italian Grand Prix,BOT,Mercedes,1.0,1.0,3.0,Finished,18.0,1,1.0,83.72273333333332,79.555,-0.0194134611052891,5,11,13,3.0,2.5,15.8,604.5
2021,14,Italian Grand Prix,VER,Red Bull Racing,2.0,3.0,2.0,Finished,18.0,1,2.0,83.82173333333331,79.966,-0.0233917162520937,33,14,13,1.0,10.5,2.4,790.0
2021,14,Italian Grand Prix,RIC,McLaren,3.0,5.0,1.0,Finished,18.0,1,3.0,84.59433333333331,79.995,-0.0147706427173737,27,10,13,6.0,5.5,13.2,775.0
2021,14,Italian Grand Prix,NOR,McLaren,4.0,4.0,0.0,Finished,18.0,1,4.0,84.85386666666666,79.989,-0.0116781758793249,22,10,13,5.0,4.666666666666667,6.4,775.0
2021,14,Italian Grand Prix,HAM,Mercedes,5.0,2.0,0.0,Finished,18.0,1,5.0,84.89673333333333,79.651,-0.0069614893279286,12,11,13,2.0,2.0,10.0,604.5
2021,14,Italian Grand Prix,LEC,Ferrari,6.0,8.0,0.0,Finished,18.0,1,6.0,85.10100000000001,80.51,-0.0153069013421808,17,7,13,4.0,7.5,7.6,595.0
2021,14,Italian Grand Prix,SAI,Ferrari,7.0,7.0,0.0,Finished,18.0,1,7.0,85.36640000000003,80.462,-0.011622058336446,29,7,13,11.0,7.0,9.8,595.0
2021,14,Italian Grand Prix,GIO,Alfa Romeo Racing,8.0,10.0,0.0,Finished,18.0,1,8.0,85.539,80.808,-0.0139333613814315,10,1,13,15.0,14.0,13.2,13.0
2021,14,Italian Grand Prix,PER,Red Bull Racing,9.0,9.0,0.0,Finished,18.0,1,9.0,85.50759999999998,80.611,-0.0118398665916249,24,14,13,20.0,7.666666666666667,14.8,790.0
2021,14,Italian Grand Prix,STR,Aston Martin,10.0,12.0,0.0,Finished,18.0,1,10.0,86.02633333333333,,0.0,31,4,13,14.0,11.0,15.6,266.0
2021,14,Italian Grand Prix,ALO,Alpine,11.0,13.0,0.0,Finished,18.0,1,11.0,86.00693333333334,,0.0,1,3,13,7.0,8.5,11.2,170.0
2021,14,Italian Grand Prix,VET,Aston Martin,12.0,11.0,0.0,Finished,18.0,1,12.0,86.10999999999999,,0.0,34,4,13,8.0,10.666666666666666,9.8,266.0
2021,14,Italian Grand Prix,OCO,Alpine,13.0,14.0,0.0,Finished,18.0,1,13.0,86.19646666666668,,0.0,23,3,13,10.0,9.333333333333334,10.8,170.0
2021,14,Italian Grand Prix,LAT,Williams,14.0,16.0,0.0,Finished,18.0,1,14.0,86.34779999999999,,0.0,15,15,13,17.0,13.0,15.8,124.0
2021,14,Italian Grand Prix,RUS,Williams,15.0,15.0,0.0,Finished,18.0,1,15.0,86.32153333333335,,0.0,28,15,13,9.0,13.333333333333334,3.6,124.0
2021,14,Italian Grand Prix,TSU,AlphaTauri,16.0,17.0,0.0,Finished,18.0,1,16.0,86.48559999999999,,0.0,32,2,13,16.0,14.0,12.8,142.0
2021,14,Italian Grand Prix,MAZ,Haas F1 Team,17.0,20.0,0.0,Finished,18.0,1,17.0,87.38613333333333,,0.0,20,8,13,19.0,18.5,17.75,73.0
2021,14,Italian Grand Prix,KUB,Alfa Romeo Racing,18.0,19.0,0.0,Finished,18.0,1,18.0,87.5232,,0.0,14,1,13,10.480167014613778,12.0,14.5,13.0
2021,14,Italian Grand Prix,MSC,Haas F1 Team,19.0,18.0,0.0,Finished,18.0,1,19.0,87.63833333333334,,0.0,21,8,13,18.0,18.0,15.4,73.0
2021,14,Italian Grand Prix,GAS,AlphaTauri,20.0,6.0,0.0,Accident,0.0,0,20.0,86.00693333333334,80.26,0.0,9,2,13,12.0,14.666666666666666,13.6,142.0
2021,19,São Paulo Grand Prix,BOT,Mercedes,1.0,2.0,3.0,Finished,24.0,1,1.0,72.76582608695652,68.469,-0.012512702276788,5,11,26,2.0,3.0,15.8,604.5
2021,19,São Paulo Grand Prix,VER,Red Bull Racing,2.0,1.0,2.0,Finished,24.0,1,2.0,72.74017391304348,68.372,-0.0114492650068785,33,14,26,1.5,10.333333333333334,2.4,790.0
2021,19,São Paulo Grand Prix,SAI,Ferrari,3.0,5.0,1.0,Finished,24.0,1,3.0,73.51991304347827,68.826,-0.0075180949662829,29,7,26,9.0,8.0,9.8,595.0
2021,19,São Paulo Grand Prix,PER,Red Bull Racing,4.0,3.0,0.0,Finished,24.0,1,4.0,73.49643478260872,68.483,-0.0028497969915057,24,14,26,14.5,4.333333333333333,14.8,790.0
2021,19,São Paulo Grand Prix,HAM,Mercedes,5.0,20.0,0.0,Finished,24.0,1,5.0,73.33352173913043,67.934,0.0029296468502734,12,11,26,3.5,2.3333333333333335,10.0,604.5
2021,19,São Paulo Grand Prix,NOR,McLaren,6.0,7.0,0.0,Finished,24.0,1,6.0,73.57621739130437,68.98,-0.008996065125998,22,10,26,4.5,4.333333333333333,6.4,775.0
2021,19,São Paulo Grand Prix,LEC,Ferrari,7.0,6.0,0.0,Finished,24.0,1,7.0,73.69252173913046,68.96,-0.0071347601755411,17,7,26,5.0,5.333333333333333,7.6,595.0
2021,19,São Paulo Grand Prix,GAS,AlphaTauri,8.0,4.0,0.0,Finished,24.0,1,8.0,74.04565217391304,68.777,0.0002938594881471,9,2,26,16.0,17.333333333333332,13.6,142.0
2021,19,São Paulo Grand Prix,OCO,Alpine,9.0,10.0,0.0,Finished,24.0,1,9.0,74.04682608695653,,0.0,23,3,26,11.5,11.333333333333334,10.8,170.0
2021,19,São Paulo Grand Prix,VET,Aston Martin,10.0,11.0,0.0,Finished,24.0,1,10.0,74.04760869565217,,0.0,34,4,26,10.0,12.0,9.8,266.0
2021,19,São Paulo Grand Prix,RIC,McLaren,11.0,8.0,0.0,Finished,24.0,1,11.0,74.05291304347827,69.039,-0.0034161437611262,27,10,26,4.5,4.333333333333333,13.2,775.0
2021,19,São Paulo Grand Prix,ALO,Alpine,12.0,9.0,0.0,Finished,24.0,1,12.0,74.06182608695653,69.113,-0.0043713369251934,1,3,26,9.0,11.0,11.2,170.0
2021,19,São Paulo Grand Prix,GIO,Alfa Romeo Racing,13.0,14.0,0.0,Finished,24.0,1,13.0,74.29134782608696,,0.0,10,1,26,11.5,13.666666666666666,13.2,13.0
2021,19,São Paulo Grand Prix,STR,Aston Martin,14.0,15.0,0.0,Finished,24.0,1,14.0,74.33630434782609,,0.0,31,4,26,12.0,10.666666666666666,15.6,266.0
2021,19,São Paulo Grand Prix,TSU,AlphaTauri,15.0,12.0,0.0,Finished,24.0,1,15.0,74.43417391304348,,0.0,32,2,26,16.0,14.666666666666666,12.8,142.0
2021,19,São Paulo Grand Prix,LAT,Williams,16.0,16.0,0.0,Finished,24.0,1,16.0,74.42782608695653,,0.0,15,15,26,15.5,15.333333333333334,15.8,124.0
2021,19,São Paulo Grand Prix,RUS,Williams,17.0,17.0,0.0,Finished,24.0,1,17.0,74.43626086956522,,0.0,28,15,26,12.0,15.0,3.6,124.0
2021,19,São Paulo Grand Prix,RAI,Alfa Romeo Racing,18.0,13.0,0.0,Finished,24.0,1,18.0,74.64052173913043,,0.0,26,1,26,13.0,13.0,13.6,13.0
2021,19,São Paulo Grand Prix,MSC,Haas F1 Team,19.0,18.0,0.0,Finished,24.0,1,19.0,75.02882608695653,,0.0,21,8,26,18.5,18.333333333333332,15.4,73.0
2021,19,São Paulo Grand Prix,MAZ,Haas F1 Team,20.0,19.0,0.0,Finished,24.0,1,20.0,75.22669565217392,,0.0,20,8,26,18.0,18.333333333333332,17.75,73.0
2022,4,Emilia Romagna Grand Prix,VER,Red Bull Racing,1.0,1.0,8.0,Finished,21.0,1,1.0,79.53070588235293,87.999,-0.0079137674568868,33,14,10,1.6666666666666667,5.0,2.4,790.0
2022,4,Emilia Romagna Grand Prix,LEC,Ferrari,2.0,2.0,7.0,Finished,21.0,1,2.0,79.74399999999999,88.778,-0.0140222393699785,17,7,10,5.666666666666667,5.666666666666667,7.6,595.0
2022,4,Emilia Romagna Grand Prix,PER,Red Bull Racing,3.0,7.0,6.0,Finished,21.0,1,3.0,79.70864705882352,89.808,-0.0260040723478015,24,14,10,11.0,2.3333333333333335,14.8,790.0
2022,4,Emilia Romagna Grand Prix,SAI,Ferrari,4.0,10.0,5.0,Finished,21.0,1,4.0,80.3845294117647,,0.0,29,7,10,7.0,4.0,9.8,595.0
2022,4,Emilia Romagna Grand Prix,NOR,McLaren,5.0,3.0,4.0,Finished,21.0,1,5.0,80.93376470588234,89.131,-0.0033398742403448,22,10,10,5.0,7.0,6.4,775.0
2022,4,Emilia Romagna Grand Prix,RIC,McLaren,6.0,6.0,3.0,Finished,21.0,1,6.0,81.02470588235295,89.742,-0.0090704942544439,27,10,10,6.666666666666667,7.333333333333333,13.2,775.0
2022,4,Emilia Romagna Grand Prix,BOT,Alfa Romeo,7.0,8.0,2.0,Finished,21.0,1,7.0,80.94147058823529,90.439,-0.0179084041694301,5,0,10,1.6666666666666667,10.480167014613778,15.8,53.0
2022,4,Emilia Romagna Grand Prix,MAG,Haas F1 Team,8.0,4.0,1.0,Finished,21.0,1,8.0,81.26988235294118,89.164,0.0004259994170533,19,8,10,10.480167014613778,19.333333333333332,11.0,73.0
2022,4,Emilia Romagna Grand Prix,ALO,Alpine,9.0,5.0,0.0,Finished,21.0,1,9.0,81.2695294117647,89.202,-4.342828687220468e-06,1,3,10,10.0,11.333333333333334,11.2,170.0
2022,4,Emilia Romagna Grand Prix,MSC,Haas F1 Team,10.0,12.0,0.0,Finished,21.0,1,10.0,81.24717647058823,,0.0,21,8,10,18.666666666666668,15.666666666666666,15.4,73.0
2022,4,Emilia Romagna Grand Prix,RUS,Mercedes,11.0,11.0,0.0,Finished,21.0,1,11.0,81.38170588235295,,0.0,28,11,10,13.666666666666666,3.6666666666666665,3.6,604.5
2022,4,Emilia Romagna Grand Prix,TSU,AlphaTauri,12.0,16.0,0.0,Finished,21.0,1,12.0,81.46852941176472,,0.0,32,2,10,15.666666666666666,14.333333333333334,12.8,142.0
2022,4,Emilia Romagna Grand Prix,VET,Aston Martin,13.0,9.0,0.0,Finished,21.0,1,13.0,81.67405882352942,91.062,-0.015878287762284,34,4,10,10.0,12.0,9.8,266.0
2022,4,Emilia Romagna Grand Prix,HAM,Mercedes,14.0,13.0,0.0,Finished,21.0,1,14.0,81.5964705882353,,0.0,12,11,10,4.0,5.666666666666667,10.0,604.5
2022,4,Emilia Romagna Grand Prix,STR,Aston Martin,15.0,15.0,0.0,Finished,21.0,1,15.0,81.70752941176471,,0.0,31,4,10,12.666666666666666,12.333333333333334,15.6,266.0
2022,4,Emilia Romagna Grand Prix,OCO,Alpine,16.0,19.0,0.0,Finished,21.0,1,16.0,81.6950588235294,,0.0,23,3,10,10.666666666666666,10.0,10.8,170.0
2022,4,Emilia Romagna Grand Prix,GAS,AlphaTauri,17.0,17.0,0.0,Finished,21.0,1,17.0,81.63570588235294,,0.0,9,2,10,13.333333333333334,11.666666666666666,13.6,142.0
2022,4,Emilia Romagna Grand Prix,ALB,Williams,18.0,20.0,0.0,Finished,21.0,1,18.0,81.96770588235294,,0.0,0,15,10,10.480167014613778,16.0,13.2,124.0
2022,4,Emilia Romagna Grand Prix,LAT,Williams,19.0,18.0,0.0,Finished,21.0,1,19.0,82.1675294117647,,0.0,15,15,10,15.666666666666666,17.0,15.8,124.0
2022,4,Emilia Romagna Grand Prix,ZHO,Alfa Romeo,20.0,0.0,0.0,Retired,0.0,0,20.0,81.26988235294118,,0.0,35,0,10,10.480167014613778,7.0,12.8,53.0
2022,11,Austrian Grand Prix,VER,Red Bull Racing,1.0,1.0,8.0,Finished,23.0,1,1.0,69.00768181818184,64.984,-0.0096712980805383,33,14,2,1.6666666666666667,2.6666666666666665,2.4,790.0
2022,11,Austrian Grand Prix,LEC,Ferrari,2.0,2.0,7.0,Finished,23.0,1,2.0,69.0373181818182,65.013,-0.0096920609047976,17,7,2,5.0,4.333333333333333,7.6,595.0
2022,11,Austrian Grand Prix,SAI,Ferrari,3.0,3.0,6.0,Finished,23.0,1,3.0,69.18845454545455,65.066,-0.0083542072361421,29,7,2,4.666666666666667,2.6666666666666665,9.8,595.0
2022,11,Austrian Grand Prix,RUS,Mercedes,4.0,4.0,5.0,Finished,23.0,1,4.0,69.51477272727271,65.431,-0.0092779593707023,28,11,2,14.333333333333334,10.0,3.6,604.5
2022,11,Austrian Grand Prix,PER,Red Bull Racing,5.0,13.0,4.0,Finished,23.0,1,5.0,69.64090909090908,,0.0,24,14,2,5.333333333333333,1.6666666666666667,14.8,790.0
2022,11,Austrian Grand Prix,OCO,Alpine,6.0,5.0,3.0,Finished,23.0,1,6.0,70.28577272727273,65.726,-0.0028278062672183,23,3,2,12.666666666666666,12.333333333333334,10.8,170.0
2022,11,Austrian Grand Prix,MAG,Haas F1 Team,7.0,6.0,2.0,Finished,23.0,1,7.0,70.42445454545454,65.879,-0.0031881180973992,19,8,2,8.0,12.666666666666666,11.0,73.0
2022,11,Austrian Grand Prix,HAM,Mercedes,8.0,9.0,1.0,Finished,23.0,1,8.0,70.35131818181817,73.151,-0.1148668793355847,12,11,2,8.0,9.666666666666666,10.0,604.5
2022,11,Austrian Grand Prix,MSC,Haas F1 Team,9.0,7.0,0.0,Finished,23.0,1,9.0,70.52090909090909,66.011,-0.0038280167680035,21,8,2,16.0,8.333333333333334,15.4,73.0
2022,11,Austrian Grand Prix,BOT,Alfa Romeo,10.0,12.0,0.0,Finished,23.0,1,10.0,70.48509090909091,,0.0,5,0,2,3.0,13.5,15.8,53.0
2022,11,Austrian Grand Prix,NOR,McLaren,11.0,15.0,0.0,Finished,23.0,1,11.0,70.47586363636363,,0.0,22,10,2,5.0,7.333333333333333,6.4,775.0
2022,11,Austrian Grand Prix,RIC,McLaren,12.0,16.0,0.0,Finished,23.0,1,12.0,70.50609090909091,,0.0,27,10,2,6.666666666666667,7.333333333333333,13.2,775.0
2022,11,Austrian Grand Prix,STR,Aston Martin,13.0,17.0,0.0,Finished,23.0,1,13.0,70.86018181818183,,0.0,31,4,2,13.0,14.0,15.6,266.0
2022,11,Austrian Grand Prix,ZHO,Alfa Romeo,14.0,18.0,0.0,Finished,23.0,1,14.0,70.78954545454546,,0.0,35,0,2,20.0,12.333333333333334,12.8,53.0
2022,11,Austrian Grand Prix,GAS,AlphaTauri,15.0,10.0,0.0,Finished,23.0,1,15.0,70.86977272727273,,0.0,9,2,2,15.0,14.666666666666666,13.6,142.0
2022,11,Austrian Grand Prix,ALB,Williams,16.0,11.0,0.0,Finished,23.0,1,16.0,70.91186363636362,,0.0,0,15,2,18.0,18.0,13.2,124.0
2022,11,Austrian Grand Prix,TSU,AlphaTauri,17.0,14.0,0.0,Finished,23.0,1,17.0,71.12159090909091,,0.0,32,2,2,14.333333333333334,14.666666666666666,12.8,142.0
2022,11,Austrian Grand Prix,LAT,Williams,18.0,19.0,0.0,Finished,23.0,1,18.0,71.75186363636362,,0.0,15,15,2,16.333333333333332,17.666666666666668,15.8,124.0
2022,11,Austrian Grand Prix,VET,Aston Martin,19.0,20.0,0.0,Collision damage,21.0,0,19.0,71.59499999999998,,0.0,34,4,2,11.666666666666666,13.666666666666666,9.8,266.0
2022,11,Austrian Grand Prix,ALO,Alpine,20.0,8.0,0.0,Electrical,0.0,0,20.0,70.48509090909091,66.103,0.0,1,3,2,10.666666666666666,10.333333333333334,11.2,170.0
2022,21,São Paulo Grand Prix,RUS,Mercedes,1.0,3.0,8.0,Finished,24.0,1,1.0,75.32160869565219,72.059,-0.0125076408002756,28,11,26,10.666666666666666,8.666666666666666,3.6,604.5
2022,21,São Paulo Grand Prix,SAI,Ferrari,2.0,5.0,7.0,Finished,24.0,1,2.0,75.43430434782609,72.357,-0.0151547919692885,29,7,26,3.3333333333333335,3.0,9.8,595.0
2022,21,São Paulo Grand Prix,HAM,Mercedes,3.0,8.0,6.0,Finished,24.0,1,3.0,75.39173913043479,72.611,-0.019220881483969,12,11,26,9.0,4.333333333333333,10.0,604.5
2022,21,São Paulo Grand Prix,VER,Red Bull Racing,4.0,2.0,5.0,Finished,24.0,1,4.0,75.78569565217393,71.877,-0.0039333696767908,33,14,26,1.3333333333333333,3.0,2.4,790.0
2022,21,São Paulo Grand Prix,PER,Red Bull Racing,5.0,9.0,4.0,Finished,24.0,1,5.0,75.68904347826087,75.601,-0.0566622598626513,24,14,26,4.0,3.3333333333333335,14.8,790.0
2022,21,São Paulo Grand Prix,LEC,Ferrari,6.0,10.0,3.0,Finished,24.0,1,6.0,75.69730434782608,,0.0,17,7,26,3.6666666666666665,2.3333333333333335,7.6,595.0
2022,21,São Paulo Grand Prix,NOR,McLaren,7.0,4.0,2.0,Finished,24.0,1,7.0,76.37804347826086,72.263,-0.0015345334060773,22,10,26,7.333333333333333,9.666666666666666,6.4,775.0
2022,21,São Paulo Grand Prix,MAG,Haas F1 Team,8.0,1.0,1.0,Finished,24.0,1,8.0,76.60252173913044,71.674,0.0095363739271179,19,8,26,7.5,8.666666666666666,11.0,73.0
2022,21,São Paulo Grand Prix,VET,Aston Martin,9.0,13.0,0.0,Finished,24.0,1,9.0,76.38878260869565,,0.0,34,4,26,14.0,15.666666666666666,9.8,266.0
2022,21,São Paulo Grand Prix,GAS,AlphaTauri,10.0,12.0,0.0,Finished,24.0,1,10.0,76.58765217391304,,0.0,9,2,26,13.333333333333334,16.333333333333332,13.6,142.0
2022,21,São Paulo Grand Prix,RIC,McLaren,11.0,14.0,0.0,Finished,24.0,1,11.0,76.78460869565218,,0.0,27,10,26,9.666666666666666,10.0,13.2,775.0
2022,21,São Paulo Grand Prix,MSC,Haas F1 Team,12.0,20.0,0.0,Finished,24.0,1,12.0,76.81404347826087,,0.0,21,8,26,12.666666666666666,8.0,15.4,73.0
2022,21,São Paulo Grand Prix,ZHO,Alfa Romeo,13.0,17.0,0.0,Finished,24.0,1,13.0,76.79039130434784,,0.0,35,0,26,17.0,14.666666666666666,12.8,53.0
2022,21,São Paulo Grand Prix,BOT,Alfa Romeo,14.0,18.0,0.0,Finished,24.0,1,14.0,76.80234782608696,,0.0,5,0,26,6.0,12.333333333333334,15.8,53.0
2022,21,São Paulo Grand Prix,TSU,AlphaTauri,15.0,19.0,0.0,Finished,24.0,1,15.0,77.17782608695653,,0.0,32,2,26,14.666666666666666,14.0,12.8,142.0
2022,21,São Paulo Grand Prix,STR,Aston Martin,16.0,15.0,0.0,Finished,24.0,1,16.0,76.86873913043478,,0.0,31,4,26,14.0,13.666666666666666,15.6,266.0
2022,21,São Paulo Grand Prix,OCO,Alpine,17.0,6.0,0.0,Finished,24.0,1,17.0,77.46178260869566,72.425,0.0103755057218761,23,3,26,10.333333333333334,14.0,10.8,170.0
2022,21,São Paulo Grand Prix,ALO,Alpine,18.0,7.0,0.0,Finished,24.0,1,18.0,76.18950000000001,72.504,-0.0073268018628449,1,3,26,13.666666666666666,14.333333333333334,11.2,170.0
2022,21,São Paulo Grand Prix,LAT,Williams,19.0,16.0,0.0,Finished,24.0,1,19.0,78.3551304347826,,0.0,15,15,26,17.666666666666668,17.666666666666668,15.8,124.0
2022,21,São Paulo Grand Prix,ALB,Williams,20.0,11.0,0.0,Retired,12.0,0,20.0,76.82263636363636,,0.0,0,15,26,17.0,17.666666666666668,13.2,124.0
2023,4,Azerbaijan Grand Prix,PER,Red Bull Racing,1.0,2.0,8.0,Finished,17.0,1,3.0,104.26666666666668,100.495,-0.0090325013613109,24,14,3,4.333333333333333,4.666666666666667,14.8,790.0
2023,4,Azerbaijan Grand Prix,LEC,Ferrari,2.0,1.0,7.0,Finished,17.0,1,1.0,104.67041666666668,100.203,-0.0023377930212038,17,7,3,3.3333333333333335,3.6666666666666665,7.6,595.0
2023,4,Azerbaijan Grand Prix,VER,Red Bull Racing,3.0,3.0,6.0,Finished,17.0,1,2.0,104.66883333333332,100.391,-0.0042101654570746,33,14,3,2.0,3.3333333333333335,2.4,790.0
2023,4,Azerbaijan Grand Prix,RUS,Mercedes,4.0,4.0,5.0,Finished,17.0,1,11.0,104.95916666666668,,0.0,28,11,3,5.333333333333333,4.0,3.6,604.5
2023,4,Azerbaijan Grand Prix,SAI,Ferrari,5.0,5.0,4.0,Finished,17.0,1,4.0,105.07841666666668,101.016,-0.0065203360865578,29,7,3,3.0,3.3333333333333335,9.8,595.0
2023,4,Azerbaijan Grand Prix,ALO,Aston Martin,6.0,8.0,3.0,Finished,17.0,1,6.0,105.13825,101.253,-0.0082973025558561,1,4,3,15.666666666666666,14.666666666666666,11.2,266.0
2023,4,Azerbaijan Grand Prix,HAM,Mercedes,7.0,6.0,2.0,Finished,17.0,1,5.0,105.58483333333334,101.177,-0.0033324925230655,12,11,3,8.333333333333334,2.6666666666666665,10.0,604.5
2023,4,Azerbaijan Grand Prix,STR,Aston Martin,8.0,9.0,1.0,Finished,17.0,1,9.0,105.65016666666668,101.611,-0.0070039131520194,31,4,3,14.666666666666666,10.333333333333334,15.6,266.0
2023,4,Azerbaijan Grand Prix,ALB,Williams,9.0,7.0,0.0,Finished,17.0,1,13.0,105.9495,,0.0,0,15,3,18.0,19.0,13.2,124.0
2023,4,Azerbaijan Grand Prix,PIA,McLaren,10.0,11.0,0.0,Finished,17.0,1,10.0,106.00608333333332,101.611,-0.0036455051207773,25,10,3,10.480167014613778,10.0,10.0,775.0
2023,4,Azerbaijan Grand Prix,MAG,Haas F1 Team,11.0,13.0,0.0,Finished,17.0,1,18.0,106.35375,,0.0,19,8,3,7.666666666666667,9.666666666666666,11.0,73.0
2023,4,Azerbaijan Grand Prix,ZHO,Alfa Romeo,12.0,14.0,0.0,Finished,17.0,1,16.0,106.86308333333334,,0.0,35,0,3,15.666666666666666,13.666666666666666,12.8,53.0
2023,4,Azerbaijan Grand Prix,GAS,Alpine,13.0,17.0,0.0,Finished,17.0,1,19.0,107.05166666666668,,0.0,9,3,3,14.0,18.333333333333332,13.6,170.0
2023,4,Azerbaijan Grand Prix,DEV,AlphaTauri,14.0,18.0,0.0,Finished,17.0,1,20.0,107.42375,,0.0,7,2,3,10.480167014613778,14.0,15.6,142.0
2023,4,Azerbaijan Grand Prix,HUL,Haas F1 Team,15.0,12.0,0.0,Finished,17.0,1,17.0,108.10800000000002,,0.0,13,8,3,10.480167014613778,10.333333333333334,13.4,73.0
2023,4,Azerbaijan Grand Prix,BOT,Alfa Romeo,16.0,15.0,0.0,Finished,17.0,1,14.0,108.14641666666668,,0.0,5,0,3,10.333333333333334,13.0,15.8,53.0
2023,4,Azerbaijan Grand Prix,NOR,McLaren,17.0,10.0,0.0,Finished,17.0,1,7.0,106.9406363636364,101.281,0.0084332667700304,22,10,3,7.666666666666667,9.333333333333334,6.4,775.0
2023,4,Azerbaijan Grand Prix,OCO,Alpine,18.0,0.0,0.0,Finished,17.0,1,12.0,107.641,,0.0,23,3,3,13.0,16.0,10.8,170.0
2023,4,Azerbaijan Grand Prix,TSU,AlphaTauri,19.0,16.0,0.0,Collision damage,2.0,0,8.0,105.97779166666666,101.581,0.0,32,2,3,14.666666666666666,13.0,12.8,142.0
2023,4,Azerbaijan Grand Prix,SAR,Williams,,,0.0,Accident,0.0,0,15.0,105.97779166666666,,0.0,30,15,3,10.480167014613778,16.0,16.0,124.0
2023,9,Austrian Grand Prix,VER,Red Bull Racing,1.0,1.0,8.0,Finished,24.0,1,1.0,75.74304347826087,64.391,-0.0075955848810819,33,14,2,2.6666666666666665,3.0,2.4,790.0
2023,9,Austrian Grand Prix,PER,Red Bull Racing,2.0,2.0,7.0,Finished,24.0,1,15.0,76.56621739130435,,0.0,24,14,2,3.6666666666666665,1.6666666666666667,14.8,790.0
2023,9,Austrian Grand Prix,SAI,Ferrari,3.0,5.0,6.0,Finished,24.0,1,3.0,76.6242608695652,64.581,0.0009373652848723,29,7,2,3.3333333333333335,4.333333333333333,9.8,595.0
2023,9,Austrian Grand Prix,STR,Aston Martin,4.0,7.0,5.0,Finished,24.0,1,6.0,76.88373913043478,64.893,-0.0004981045512557,31,4,2,12.333333333333334,10.0,15.6,266.0
2023,9,Austrian Grand Prix,ALO,Aston Martin,5.0,6.0,4.0,Finished,24.0,1,7.0,76.87260869565218,64.911,-0.0009204226474616,1,4,2,14.666666666666666,6.0,11.2,266.0
2023,9,Austrian Grand Prix,HUL,Haas F1 Team,6.0,4.0,3.0,Finished,24.0,1,8.0,76.10859090909092,65.09,-0.0136184156191134,13,8,2,15.0,12.666666666666666,13.4,73.0
2023,9,Austrian Grand Prix,OCO,Alpine,7.0,8.0,2.0,Finished,24.0,1,12.0,77.10665217391305,,0.0,23,3,2,13.666666666666666,16.333333333333332,10.8,170.0
2023,9,Austrian Grand Prix,RUS,Mercedes,8.0,15.0,1.0,Finished,24.0,1,11.0,75.98304545454546,,0.0,28,11,2,3.0,4.666666666666667,3.6,604.5
2023,9,Austrian Grand Prix,NOR,McLaren,9.0,3.0,0.0,Finished,24.0,1,4.0,77.14230434782608,64.658,0.0064886184374296,22,10,2,11.666666666666666,12.666666666666666,6.4,775.0
2023,9,Austrian Grand Prix,HAM,Mercedes,10.0,18.0,0.0,Finished,24.0,1,5.0,76.4964090909091,64.819,-0.0043953468094465,12,11,2,6.0,6.333333333333333,10.0,604.5
2023,9,Austrian Grand Prix,PIA,McLaren,11.0,17.0,0.0,Finished,24.0,1,13.0,76.6531818181818,,0.0,25,10,2,10.0,12.0,10.0,775.0
2023,9,Austrian Grand Prix,LEC,Ferrari,12.0,9.0,0.0,Finished,24.0,1,2.0,76.73854545454546,64.439,0.0046133985508332,17,7,2,3.3333333333333335,3.3333333333333335,7.6,595.0
2023,9,Austrian Grand Prix,ALB,Williams,13.0,11.0,0.0,Finished,24.0,1,10.0,76.76804545454546,65.823,-0.0163424605308095,0,15,2,15.0,14.5,13.2,124.0
2023,9,Austrian Grand Prix,MAG,Haas F1 Team,14.0,10.0,0.0,Finished,24.0,1,19.0,76.90113636363638,,0.0,19,8,2,8.666666666666666,10.666666666666666,11.0,73.0
2023,9,Austrian Grand Prix,GAS,Alpine,15.0,12.0,0.0,Finished,24.0,1,9.0,77.85391304347824,65.17,0.0078505225186069,9,3,2,12.666666666666666,12.666666666666666,13.6,170.0
2023,9,Austrian Grand Prix,TSU,AlphaTauri,16.0,13.0,0.0,Finished,24.0,1,16.0,77.24863636363638,,0.0,32,2,2,17.0,16.0,12.8,142.0
2023,9,Austrian Grand Prix,DEV,AlphaTauri,17.0,14.0,0.0,Finished,24.0,1,20.0,77.23959090909091,,0.0,7,2,2,14.0,16.333333333333332,15.6,142.0
2023,9,Austrian Grand Prix,SAR,Williams,18.0,20.0,0.0,Finished,24.0,1,18.0,77.07572727272726,,0.0,30,15,2,10.480167014613778,11.0,16.0,124.0
2023,9,Austrian Grand Prix,ZHO,Alfa Romeo,19.0,16.0,0.0,Finished,24.0,1,17.0,77.3214090909091,,0.0,35,0,2,13.0,14.0,12.8,53.0
2023,9,Austrian Grand Prix,BOT,Alfa Romeo,20.0,19.0,0.0,Finished,24.0,1,14.0,78.44069565217391,,0.0,5,0,2,13.333333333333334,15.666666666666666,15.8,53.0
2023,12,Belgian Grand Prix,VER,Red Bull Racing,1.0,1.0,8.0,Finished,11.0,1,1.0,123.141875,106.168,-0.0173600572183668,33,14,5,2.6666666666666665,2.0,2.4,790.0
2023,12,Belgian Grand Prix,PIA,McLaren,2.0,2.0,7.0,Finished,11.0,1,6.0,122.148125,107.365,-0.0363678293996134,25,10,5,10.5,12.333333333333334,10.0,775.0
2023,12,Belgian Grand Prix,GAS,Alpine,3.0,6.0,6.0,Finished,11.0,1,12.0,123.46025,,0.0,9,3,5,12.666666666666666,13.333333333333334,13.6,170.0
2023,12,Belgian Grand Prix,SAI,Ferrari,4.0,3.0,5.0,Finished,11.0,1,5.0,123.845625,107.152,-0.0209765185183212,29,7,5,3.3333333333333335,6.666666666666667,9.8,595.0
2023,12,Belgian Grand Prix,LEC,Ferrari,5.0,4.0,4.0,Finished,11.0,1,2.0,126.601875,106.988,0.0023190859691678,17,7,5,6.666666666666667,6.333333333333333,7.6,595.0
2023,12,Belgian Grand Prix,NOR,McLaren,6.0,5.0,3.0,Finished,11.0,1,7.0,126.65325,107.669,-0.0036243438275194,22,10,5,11.0,7.333333333333333,6.4,775.0
2023,12,Belgian Grand Prix,HAM,Mercedes,7.0,7.0,2.0,Finished,11.0,1,4.0,123.4825,107.087,-0.0232381675532106,12,11,5,6.666666666666667,8.333333333333334,10.0,604.5
2023,12,Belgian Grand Prix,RUS,Mercedes,8.0,10.0,1.0,Finished,11.0,1,8.0,126.9455,107.805,-0.0025843592586576,28,11,5,4.333333333333333,8.333333333333334,3.6,604.5
2023,12,Belgian Grand Prix,OCO,Alpine,9.0,9.0,0.0,Finished,11.0,1,15.0,127.522375,,0.0,23,3,5,14.0,8.333333333333334,10.8,170.0
2023,12,Belgian Grand Prix,RIC,AlphaTauri,10.0,11.0,0.0,Finished,11.0,1,19.0,125.640625,,0.0,27,2,5,9.666666666666666,17.333333333333332,13.2,142.0
2023,12,Belgian Grand Prix,STR,Aston Martin,11.0,14.0,0.0,Finished,11.0,1,10.0,125.900125,108.841,-0.02049877655366,31,4,5,9.333333333333334,5.666666666666667,15.6,266.0
2023,12,Belgian Grand Prix,ALB,Williams,12.0,12.0,0.0,Finished,11.0,1,16.0,126.312625,,0.0,0,15,5,14.0,15.5,13.2,124.0
2023,12,Belgian Grand Prix,BOT,Alfa Romeo,13.0,17.0,0.0,Finished,11.0,1,14.0,126.439625,,0.0,5,0,5,16.666666666666668,18.333333333333332,15.8,53.0
2023,12,Belgian Grand Prix,MAG,Haas F1 Team,14.0,18.0,0.0,Finished,11.0,1,13.0,128.98274999999998,,0.0,19,8,5,11.0,11.666666666666666,11.0,73.0
2023,12,Belgian Grand Prix,ZHO,Alfa Romeo,15.0,19.0,0.0,Finished,11.0,1,17.0,129.198375,,0.0,35,0,5,14.666666666666666,17.333333333333332,12.8,53.0
2023,12,Belgian Grand Prix,SAR,Williams,16.0,13.0,0.0,Finished,11.0,1,18.0,128.91162500000002,,0.0,30,15,5,18.0,14.333333333333334,16.0,124.0
2023,12,Belgian Grand Prix,HUL,Haas F1 Team,17.0,20.0,0.0,Finished,11.0,1,20.0,127.67825,,0.0,13,8,5,10.5,11.333333333333334,13.4,73.0
2023,12,Belgian Grand Prix,TSU,AlphaTauri,18.0,16.0,0.0,Finished,11.0,1,11.0,128.59275,,0.0,32,2,5,16.666666666666668,14.333333333333334,12.8,142.0
2023,12,Belgian Grand Prix,PER,Red Bull Racing,19.0,8.0,0.0,Collision damage,8.0,0,3.0,128.83120000000002,107.045,0.0193930288445809,24,14,5,2.6666666666666665,1.3333333333333333,14.8,790.0
2023,12,Belgian Grand Prix,ALO,Aston Martin,20.0,15.0,0.0,Accident,2.0,0,9.0,139.843,107.843,0.0989151689006915,1,4,5,9.666666666666666,6.666666666666667,11.2,266.0
2023,17,Qatar Grand Prix,PIA,McLaren,1.0,1.0,8.0,Finished,19.0,1,6.0,89.30136363636365,84.54,-0.0255372071124793,25,10,20,7.666666666666667,6.333333333333333,10.0,775.0
2023,17,Qatar Grand Prix,VER,Red Bull Racing,2.0,3.0,7.0,Finished,19.0,1,1.0,89.83463636363638,83.778,-0.0106840229034134,33,14,20,1.6666666666666667,7.333333333333333,2.4,790.0
2023,17,Qatar Grand Prix,NOR,McLaren,3.0,2.0,6.0,Finished,19.0,1,10.0,90.9099090909091,,0.0,22,10,20,10.666666666666666,3.0,6.4,775.0
2023,17,Qatar Grand Prix,RUS,Mercedes,4.0,4.0,5.0,Finished,19.0,1,2.0,89.1396,84.219,-0.0235026359595277,28,11,20,6.666666666666667,8.333333333333334,3.6,604.5
2023,17,Qatar Grand Prix,HAM,Mercedes,5.0,12.0,4.0,Finished,19.0,1,3.0,90.7323,84.305,-0.0071171428984444,12,11,20,8.0,6.333333333333333,10.0,604.5
2023,17,Qatar Grand Prix,SAI,Ferrari,6.0,5.0,3.0,Finished,19.0,1,12.0,91.50454545454546,,0.0,29,7,20,4.0,7.0,9.8,595.0
2023,17,Qatar Grand Prix,ALB,Williams,7.0,17.0,2.0,Finished,19.0,1,14.0,91.357,,0.0,0,15,20,11.333333333333334,15.333333333333334,13.2,124.0
2023,17,Qatar Grand Prix,ALO,Aston Martin,8.0,9.0,1.0,Finished,19.0,1,4.0,92.315,84.369,0.0094196649986547,1,4,20,10.333333333333334,12.0,11.2,266.0
2023,17,Qatar Grand Prix,GAS,Alpine,9.0,11.0,0.0,Finished,19.0,1,7.0,91.488,84.553,-0.0017968169579644,9,3,20,10.333333333333334,9.0,13.6,170.0
2023,17,Qatar Grand Prix,BOT,Alfa Romeo,10.0,13.0,0.0,Finished,19.0,1,9.0,91.5126,85.058,-0.0075097128778547,5,0,20,16.333333333333332,16.0,15.8,53.0
2023,17,Qatar Grand Prix,TSU,AlphaTauri,11.0,18.0,0.0,Finished,19.0,1,11.0,91.8584,,0.0,32,2,20,17.666666666666668,15.0,12.8,142.0
2023,17,Qatar Grand Prix,LEC,Ferrari,12.0,6.0,0.0,Finished,19.0,1,5.0,90.6353,84.424,-0.0095866580121206,17,7,20,6.333333333333333,5.0,7.6,595.0
2023,17,Qatar Grand Prix,STR,Aston Martin,13.0,16.0,0.0,Finished,19.0,1,17.0,93.56254545454546,,0.0,31,4,20,7.666666666666667,13.0,15.6,266.0
2023,17,Qatar Grand Prix,MAG,Haas F1 Team,14.0,19.0,0.0,Finished,19.0,1,19.0,93.87681818181818,,0.0,19,8,20,13.0,15.0,11.0,73.0
2023,17,Qatar Grand Prix,ZHO,Alfa Romeo,15.0,15.0,0.0,Finished,19.0,1,20.0,93.91318181818184,,0.0,35,0,20,15.333333333333334,12.666666666666666,12.8,53.0
2023,17,Qatar Grand Prix,HUL,Haas F1 Team,16.0,7.0,0.0,Retired,11.0,0,15.0,92.6806,,0.0,13,8,20,12.666666666666666,15.0,13.4,73.0
2023,17,Qatar Grand Prix,OCO,Alpine,17.0,10.0,0.0,Retired,10.0,0,8.0,92.21340000000002,84.763,0.00364251600965,23,3,20,11.333333333333334,7.0,10.8,170.0
2023,17,Qatar Grand Prix,PER,Red Bull Racing,18.0,8.0,0.0,Retired,10.0,0,13.0,92.9292,,0.0,24,14,20,7.333333333333333,7.333333333333333,14.8,790.0
2023,17,Qatar Grand Prix,SAR,Williams,19.0,20.0,0.0,Retired,2.0,0,16.0,123.562,,0.0,30,15,20,17.0,11.666666666666666,16.0,124.0
2023,17,Qatar Grand Prix,LAW,AlphaTauri,20.0,14.0,0.0,Retired,0.0,0,18.0,91.5126,,0.0,16,2,20,10.480167014613778,13.0,12.2,142.0
2023,18,United States Grand Prix,VER,Red Bull Racing,1.0,1.0,8.0,Finished,19.0,1,6.0,99.49561111111112,95.081,-0.0205626037176402,33,14,28,1.3333333333333333,13.0,2.4,790.0
2023,18,United States Grand Prix,HAM,Mercedes,2.0,3.0,7.0,Finished,19.0,1,3.0,99.9777222222222,94.862,-0.0135133148590559,12,11,28,7.333333333333333,5.666666666666667,10.0,604.5
2023,18,United States Grand Prix,LEC,Ferrari,3.0,2.0,6.0,Finished,19.0,1,1.0,100.35766666666667,94.723,-0.0083111648558186,17,7,28,9.666666666666666,7.666666666666667,7.6,595.0
2023,18,United States Grand Prix,NOR,McLaren,4.0,4.0,5.0,Finished,19.0,1,2.0,100.3047222222222,94.853,-0.0101996266150197,22,10,28,6.0,3.3333333333333335,6.4,775.0
2023,18,United States Grand Prix,PER,Red Bull Racing,5.0,7.0,4.0,Finished,19.0,1,9.0,100.47105555555557,95.173,-0.0119278062257381,24,14,28,13.0,7.0,14.8,790.0
2023,18,United States Grand Prix,SAI,Ferrari,6.0,6.0,3.0,Finished,19.0,1,4.0,100.87527777777778,94.945,-0.0055506087277714,29,7,28,4.333333333333333,7.0,9.8,595.0
2023,18,United States Grand Prix,GAS,Alpine,7.0,9.0,2.0,Finished,19.0,1,7.0,100.94555555555554,95.089,-0.0063732991109735,9,3,28,9.0,11.666666666666666,13.6,170.0
2023,18,United States Grand Prix,RUS,Mercedes,8.0,11.0,1.0,Finished,19.0,1,5.0,100.79355555555556,95.079,-0.0077644325615403,28,11,28,6.666666666666667,3.6666666666666665,3.6,604.5
2023,18,United States Grand Prix,ALB,Williams,9.0,8.0,0.0,Finished,19.0,1,18.0,101.04105555555556,,0.0,0,15,28,10.666666666666666,14.0,13.2,124.0
2023,18,United States Grand Prix,PIA,McLaren,10.0,5.0,0.0,Finished,19.0,1,10.0,101.58066666666669,95.467,-0.0040967810923583,25,10,28,4.666666666666667,2.6666666666666665,10.0,775.0
2023,18,United States Grand Prix,OCO,Alpine,11.0,13.0,0.0,Finished,19.0,1,8.0,101.58611111111112,95.154,-0.0007512206020885,23,3,28,11.0,11.0,10.8,170.0
2023,18,United States Grand Prix,RIC,AlphaTauri,12.0,10.0,0.0,Finished,19.0,1,15.0,101.58605555555556,,0.0,27,2,28,11.0,16.333333333333332,13.2,142.0
2023,18,United States Grand Prix,ALO,Aston Martin,13.0,12.0,0.0,Finished,19.0,1,17.0,101.67055555555557,,0.0,1,4,28,11.0,13.666666666666666,11.2,266.0
2023,18,United States Grand Prix,TSU,AlphaTauri,14.0,19.0,0.0,Finished,19.0,1,11.0,101.65883333333336,,0.0,32,2,28,15.0,14.333333333333334,12.8,142.0
2023,18,United States Grand Prix,HUL,Haas F1 Team,15.0,16.0,0.0,Finished,19.0,1,16.0,102.05788888888888,,0.0,13,8,28,13.0,15.666666666666666,13.4,73.0
2023,18,United States Grand Prix,BOT,Alfa Romeo,16.0,18.0,0.0,Finished,19.0,1,13.0,102.43155555555556,,0.0,5,0,28,14.333333333333334,13.333333333333334,15.8,53.0
2023,18,United States Grand Prix,ZHO,Alfa Romeo,17.0,15.0,0.0,Finished,19.0,1,12.0,102.37472222222225,,0.0,35,0,28,16.333333333333332,13.666666666666666,12.8,53.0
2023,18,United States Grand Prix,MAG,Haas F1 Team,18.0,17.0,0.0,Finished,19.0,1,14.0,102.92522222222222,,0.0,19,8,28,14.0,15.0,11.0,73.0
2023,18,United States Grand Prix,SAR,Williams,19.0,20.0,0.0,Finished,19.0,1,20.0,102.79283333333336,,0.0,30,15,28,17.666666666666668,11.666666666666666,16.0,124.0
2023,18,United States Grand Prix,STR,Aston Martin,20.0,14.0,0.0,Brakes,16.0,0,19.0,102.42600000000002,,0.0,31,4,28,9.333333333333334,11.333333333333334,15.6,266.0
2023,20,São Paulo Grand Prix,VER,Red Bull Racing,1.0,2.0,8.0,Finished,24.0,1,1.0,75.14065217391304,70.727,-0.0083148910679883,33,14,26,1.3333333333333333,8.0,2.4,790.0
2023,20,São Paulo Grand Prix,NOR,McLaren,2.0,1.0,7.0,Finished,24.0,1,7.0,75.27739130434782,71.987,-0.0241591611813436,22,10,26,4.333333333333333,5.666666666666667,6.4,775.0
2023,20,São Paulo Grand Prix,PER,Red Bull Racing,3.0,3.0,6.0,Finished,24.0,1,9.0,75.64430434782608,72.321,-0.0240407974060359,24,14,26,14.0,2.3333333333333335,14.8,790.0
2023,20,São Paulo Grand Prix,RUS,Mercedes,4.0,4.0,5.0,Finished,24.0,1,6.0,76.22947826086957,71.59,-0.0061704795231132,28,11,26,6.666666666666667,5.0,3.6,604.5
2023,20,São Paulo Grand Prix,LEC,Ferrari,5.0,7.0,4.0,Finished,24.0,1,2.0,76.27821739130435,71.021,0.0024275253051561,17,7,26,6.666666666666667,7.0,7.6,595.0
2023,20,São Paulo Grand Prix,TSU,AlphaTauri,6.0,6.0,3.0,Finished,24.0,1,16.0,76.27691304347825,,0.0,32,2,26,14.333333333333334,15.333333333333334,12.8,142.0
2023,20,São Paulo Grand Prix,HAM,Mercedes,7.0,5.0,2.0,Finished,24.0,1,5.0,76.57730434782607,71.469,6.501383886270418e-05,12,11,26,4.666666666666667,4.666666666666667,10.0,604.5
2023,20,São Paulo Grand Prix,SAI,Ferrari,8.0,9.0,1.0,Finished,24.0,1,8.0,76.52152173913042,71.989,-0.0079393636911445,29,7,26,5.333333333333333,4.666666666666667,9.8,595.0
2023,20,São Paulo Grand Prix,RIC,AlphaTauri,9.0,8.0,0.0,Finished,24.0,1,17.0,76.49556521739132,,0.0,27,2,26,11.0,10.666666666666666,13.2,142.0
2023,20,São Paulo Grand Prix,PIA,McLaren,10.0,10.0,0.0,Finished,24.0,1,10.0,76.60613043478261,,0.0,25,10,26,4.333333333333333,5.333333333333333,10.0,775.0
2023,20,São Paulo Grand Prix,ALO,Aston Martin,11.0,15.0,0.0,Finished,24.0,1,4.0,76.56734782608696,71.387,0.001082336760698,1,4,26,13.666666666666666,15.333333333333334,11.2,266.0
2023,20,São Paulo Grand Prix,STR,Aston Martin,12.0,17.0,0.0,Finished,24.0,1,3.0,76.56573913043478,71.344,0.0016629873826841,31,4,26,14.666666666666666,14.666666666666666,15.6,266.0
2023,20,São Paulo Grand Prix,GAS,Alpine,13.0,13.0,0.0,Finished,24.0,1,13.0,76.68404347826086,,0.0,9,3,26,6.333333333333333,11.666666666666666,13.6,170.0
2023,20,São Paulo Grand Prix,OCO,Alpine,14.0,16.0,0.0,Finished,24.0,1,12.0,76.7228695652174,,0.0,23,3,26,12.333333333333334,10.333333333333334,10.8,170.0
2023,20,São Paulo Grand Prix,ALB,Williams,15.0,19.0,0.0,Finished,24.0,1,15.0,76.69286956521739,,0.0,0,15,26,9.333333333333334,15.666666666666666,13.2,124.0
2023,20,São Paulo Grand Prix,MAG,Haas F1 Team,16.0,11.0,0.0,Finished,24.0,1,14.0,77.34747826086955,,0.0,19,8,26,15.333333333333334,16.333333333333332,11.0,73.0
2023,20,São Paulo Grand Prix,ZHO,Alfa Romeo,17.0,18.0,0.0,Finished,24.0,1,20.0,77.35017391304349,,0.0,35,0,26,15.666666666666666,16.0,12.8,53.0
2023,20,São Paulo Grand Prix,HUL,Haas F1 Team,18.0,12.0,0.0,Finished,24.0,1,11.0,77.50147826086956,,0.0,13,8,26,16.0,16.333333333333332,13.4,73.0
2023,20,São Paulo Grand Prix,BOT,Alfa Romeo,19.0,14.0,0.0,Finished,24.0,1,18.0,77.46352173913044,,0.0,5,0,26,13.0,16.666666666666668,15.8,53.0
2023,20,São Paulo Grand Prix,SAR,Williams,20.0,20.0,0.0,Finished,24.0,1,19.0,77.41356521739131,,0.0,30,15,26,18.0,14.333333333333334,16.0,124.0
2024,5,Chinese Grand Prix,VER,Red Bull Racing,1.0,4.0,8.0,Finished,19.0,1,4.0,101.15,93.66,-0.0095774061236932,33,14,8,1.3333333333333333,3.0,2.4,790.0
2024,5,Chinese Grand Prix,HAM,Mercedes,2.0,2.0,7.0,Finished,19.0,1,2.0,101.96877777777776,,0.0,12,11,8,4.666666666666667,6.333333333333333,10.0,604.5
2024,5,Chinese Grand Prix,PER,Red Bull Racing,3.0,6.0,6.0,Finished,19.0,1,6.0,101.93516666666667,93.982,-0.0053558015155785,24,14,8,8.666666666666666,1.6666666666666667,14.8,790.0
2024,5,Chinese Grand Prix,LEC,Ferrari,4.0,7.0,5.0,Finished,19.0,1,7.0,102.02972222222222,94.289,-0.0076923299235606,17,7,8,6.666666666666667,6.333333333333333,7.6,595.0
2024,5,Chinese Grand Prix,SAI,Ferrari,5.0,5.0,4.0,Finished,19.0,1,5.0,102.27555555555556,94.297,-0.0053860836992652,29,7,8,6.666666666666667,5.666666666666667,9.8,595.0
2024,5,Chinese Grand Prix,NOR,McLaren,6.0,1.0,3.0,Finished,19.0,1,1.0,102.2298888888889,94.165,-0.004430190721384,22,10,8,3.0,7.333333333333333,6.4,775.0
2024,5,Chinese Grand Prix,PIA,McLaren,7.0,8.0,2.0,Finished,19.0,1,8.0,102.32605555555556,94.273,-0.0046403370541738,25,10,8,7.0,6.0,10.0,775.0
2024,5,Chinese Grand Prix,RUS,Mercedes,8.0,11.0,1.0,Finished,19.0,1,11.0,102.27383333333331,94.433,-0.006845331268204,28,11,8,5.333333333333333,4.333333333333333,3.6,604.5
2024,5,Chinese Grand Prix,ZHO,Kick Sauber,9.0,10.0,0.0,Finished,19.0,1,10.0,102.69377777777778,,0.0,35,9,8,16.333333333333332,10.480167014613778,12.8,70.0
2024,5,Chinese Grand Prix,MAG,Haas F1 Team,10.0,12.0,0.0,Finished,19.0,1,12.0,102.96394444444444,,0.0,19,8,8,16.0,17.333333333333332,11.0,73.0
2024,5,Chinese Grand Prix,RIC,RB,11.0,14.0,0.0,Finished,19.0,1,14.0,102.92994444444444,,0.0,27,12,8,10.333333333333334,10.480167014613778,13.2,40.0
2024,5,Chinese Grand Prix,BOT,Kick Sauber,12.0,9.0,0.0,Finished,19.0,1,9.0,102.9987222222222,94.665,-0.002255425535248,5,9,8,15.0,9.0,15.8,70.0
2024,5,Chinese Grand Prix,OCO,Alpine,13.0,17.0,0.0,Finished,19.0,1,17.0,102.95966666666664,,0.0,23,3,8,14.0,12.666666666666666,10.8,170.0
2024,5,Chinese Grand Prix,STR,Aston Martin,14.0,15.0,0.0,Finished,19.0,1,15.0,103.01166666666668,,0.0,31,4,8,15.0,14.333333333333334,15.6,266.0
2024,5,Chinese Grand Prix,GAS,Alpine,15.0,16.0,0.0,Finished,19.0,1,16.0,102.9865,,0.0,9,3,8,9.666666666666666,13.333333333333334,13.6,170.0
2024,5,Chinese Grand Prix,TSU,RB,16.0,19.0,0.0,Finished,19.0,1,19.0,103.01983333333332,,0.0,32,12,8,10.333333333333334,11.0,12.8,40.0
2024,5,Chinese Grand Prix,ALB,Williams,17.0,18.0,0.0,Finished,19.0,1,18.0,103.06927777777776,,0.0,0,15,8,10.333333333333334,18.0,13.2,124.0
2024,5,Chinese Grand Prix,SAR,Williams,18.0,20.0,0.0,Finished,19.0,1,20.0,103.2175,,0.0,30,15,8,19.333333333333332,17.333333333333332,16.0,124.0
2024,5,Chinese Grand Prix,HUL,Haas F1 Team,19.0,13.0,0.0,Finished,19.0,1,13.0,103.55711111111113,94.604,0.0038227483907713,13,8,8,16.333333333333332,14.666666666666666,13.4,73.0
2024,5,Chinese Grand Prix,ALO,Aston Martin,20.0,3.0,0.0,Retired,17.0,0,3.0,102.6058,94.148,-0.0005935776704336,1,4,8,10.666666666666666,12.333333333333334,11.2,266.0
2024,6,Miami Grand Prix,VER,Red Bull Racing,1.0,1.0,8.0,Finished,19.0,1,1.0,91.12025,87.241,-0.013102040849752,33,14,17,1.0,2.3333333333333335,2.4,790.0
2024,6,Miami Grand Prix,LEC,Ferrari,2.0,2.0,7.0,Finished,19.0,1,2.0,91.286875,87.382,-0.0129145384024013,17,7,17,4.0,5.666666666666667,7.6,595.0
2024,6,Miami Grand Prix,PER,Red Bull Racing,3.0,3.0,6.0,Finished,19.0,1,3.0,91.336125,87.46,-0.0132736127901583,24,14,17,3.6666666666666665,1.6666666666666667,14.8,790.0
2024,6,Miami Grand Prix,RIC,RB,4.0,4.0,5.0,Finished,19.0,1,4.0,91.978375,,0.0,27,12,17,10.666666666666666,13.5,13.2,40.0
2024,6,Miami Grand Prix,SAI,Ferrari,5.0,5.0,4.0,Finished,19.0,1,5.0,91.9374375,87.455,-0.0067335416073152,29,7,17,6.333333333333333,3.6666666666666665,9.8,595.0
2024,6,Miami Grand Prix,PIA,McLaren,6.0,6.0,3.0,Finished,19.0,1,6.0,91.939625,87.675,-0.0092203840318834,25,10,17,9.0,7.666666666666667,10.0,775.0
2024,6,Miami Grand Prix,HUL,Haas F1 Team,7.0,10.0,2.0,Finished,19.0,1,10.0,92.303625,88.146,-0.0106705346534826,13,8,17,17.333333333333332,15.666666666666666,13.4,73.0
2024,6,Miami Grand Prix,TSU,RB,8.0,15.0,1.0,Finished,19.0,1,15.0,92.704125,88.192,-0.0068774744372753,32,12,17,12.0,10.333333333333334,12.8,40.0
2024,6,Miami Grand Prix,GAS,Alpine,9.0,16.0,0.0,Finished,19.0,1,16.0,92.7998125,,0.0,9,3,17,11.666666666666666,14.0,13.6,170.0
2024,6,Miami Grand Prix,SAR,Williams,10.0,18.0,0.0,Finished,19.0,1,19.0,92.9226875,,0.0,30,15,17,19.0,18.333333333333332,16.0,124.0
2024,6,Miami Grand Prix,ZHO,Kick Sauber,11.0,17.0,0.0,Finished,19.0,1,17.0,92.937875,,0.0,35,9,17,14.333333333333334,10.5,12.8,70.0
2024,6,Miami Grand Prix,RUS,Mercedes,12.0,11.0,0.0,Finished,19.0,1,11.0,92.9534375,88.067,-0.002763147221483,28,11,17,6.666666666666667,5.666666666666667,3.6,604.5
2024,6,Miami Grand Prix,ALB,Williams,13.0,20.0,0.0,Finished,19.0,1,20.0,92.908125,,0.0,0,15,17,13.666666666666666,15.0,13.2,124.0
2024,6,Miami Grand Prix,BOT,Kick Sauber,14.0,19.0,0.0,Finished,19.0,1,18.0,92.98275,,0.0,5,9,17,15.666666666666666,10.666666666666666,15.8,70.0
2024,6,Miami Grand Prix,OCO,Alpine,15.0,13.0,0.0,Finished,19.0,1,13.0,92.9731875,,0.0,23,3,17,12.666666666666666,12.333333333333334,10.8,170.0
2024,6,Miami Grand Prix,HAM,Mercedes,16.0,12.0,0.0,Finished,19.0,1,12.0,92.699375,88.107,-0.0059587486495212,12,11,17,3.6666666666666665,7.333333333333333,10.0,604.5
2024,6,Miami Grand Prix,ALO,Aston Martin,17.0,8.0,0.0,Finished,19.0,1,8.0,94.3004375,,0.0,1,4,17,14.666666666666666,15.333333333333334,11.2,266.0
2024,6,Miami Grand Prix,MAG,Haas F1 Team,18.0,14.0,0.0,Finished,19.0,1,14.0,92.8494375,,0.0,19,8,17,14.666666666666666,12.0,11.0,73.0
2024,6,Miami Grand Prix,STR,Aston Martin,19.0,7.0,0.0,Retired,1.0,0,7.0,92.75196875,,0.0,31,4,17,15.333333333333334,17.0,15.6,266.0
2024,6,Miami Grand Prix,NOR,McLaren,20.0,9.0,0.0,Retired,0.0,0,9.0,92.75196875,87.594,0.0,22,10,17,4.0,6.333333333333333,6.4,775.0
2024,11,Austrian Grand Prix,VER,Red Bull Racing,1.0,1.0,8.0,Finished,23.0,1,1.0,69.51313636363636,64.314,-0.006084871451321,33,14,2,1.0,2.3333333333333335,2.4,790.0
2024,11,Austrian Grand Prix,PIA,McLaren,2.0,3.0,7.0,Finished,23.0,1,3.0,69.64545454545454,65.048,-0.0155091894786646,25,10,2,7.666666666666667,11.0,10.0,775.0
2024,11,Austrian Grand Prix,NOR,McLaren,3.0,2.0,6.0,Finished,23.0,1,2.0,69.71477272727272,64.718,-0.0094491899371565,22,10,2,9.333333333333334,9.333333333333334,6.4,775.0
2024,11,Austrian Grand Prix,RUS,Mercedes,4.0,4.0,5.0,Finished,23.0,1,4.0,69.7705,64.84,-0.0105382142000097,28,11,2,8.0,12.0,3.6,604.5
2024,11,Austrian Grand Prix,SAI,Ferrari,5.0,5.0,4.0,Finished,23.0,1,5.0,69.86745454545454,64.851,-0.0093353924393769,29,7,2,6.0,4.0,9.8,595.0
2024,11,Austrian Grand Prix,HAM,Mercedes,6.0,6.0,3.0,Finished,23.0,1,6.0,69.8811818181818,64.903,-0.0099414474141382,12,11,2,8.333333333333334,10.666666666666666,10.0,604.5
2024,11,Austrian Grand Prix,LEC,Ferrari,7.0,10.0,2.0,Finished,23.0,1,10.0,69.967,65.044,-0.0108970455808372,17,7,2,3.6666666666666665,4.0,7.6,595.0
2024,11,Austrian Grand Prix,PER,Red Bull Racing,8.0,7.0,1.0,Finished,23.0,1,7.0,70.12527272727273,65.202,-0.0110888965900383,24,14,2,3.0,1.6666666666666667,14.8,790.0
2024,11,Austrian Grand Prix,MAG,Haas F1 Team,9.0,11.0,0.0,Finished,23.0,1,11.0,70.39845454545456,,0.0,19,8,2,14.666666666666666,14.666666666666666,11.0,73.0
2024,11,Austrian Grand Prix,STR,Aston Martin,10.0,12.0,0.0,Finished,23.0,1,12.0,70.64500000000001,,0.0,31,4,2,15.0,18.666666666666668,15.6,266.0
2024,11,Austrian Grand Prix,OCO,Alpine,11.0,8.0,0.0,Finished,23.0,1,8.0,70.69218181818184,65.883,-0.0135470735493814,23,3,2,14.0,13.0,10.8,170.0
2024,11,Austrian Grand Prix,GAS,Alpine,12.0,9.0,0.0,Finished,23.0,1,9.0,70.67563636363636,,0.0,9,3,2,12.333333333333334,11.666666666666666,13.6,170.0
2024,11,Austrian Grand Prix,TSU,RB,13.0,14.0,0.0,Finished,23.0,1,14.0,70.8478181818182,,0.0,32,12,2,10.0,9.333333333333334,12.8,40.0
2024,11,Austrian Grand Prix,RIC,RB,14.0,16.0,0.0,Finished,23.0,1,16.0,70.96054545454545,,0.0,27,12,2,8.0,8.333333333333334,13.2,40.0
2024,11,Austrian Grand Prix,ALO,Aston Martin,15.0,13.0,0.0,Finished,23.0,1,13.0,71.18109090909091,,0.0,1,4,2,16.0,15.333333333333334,11.2,266.0
2024,11,Austrian Grand Prix,SAR,Williams,16.0,15.0,0.0,Finished,23.0,1,15.0,71.18649999999998,,0.0,30,15,2,16.0,13.666666666666666,16.0,124.0
2024,11,Austrian Grand Prix,ALB,Williams,17.0,20.0,0.0,Finished,23.0,1,19.0,71.09709090909092,,0.0,0,15,2,15.0,13.0,13.2,124.0
2024,11,Austrian Grand Prix,BOT,Kick Sauber,18.0,18.0,0.0,Finished,23.0,1,18.0,71.26913636363635,,0.0,5,9,2,15.0,12.333333333333334,15.8,70.0
2024,11,Austrian Grand Prix,HUL,Haas F1 Team,19.0,17.0,0.0,Finished,23.0,1,17.0,70.94486363636362,65.385,-0.0023064028992831,13,8,2,14.666666666666666,11.333333333333334,13.4,73.0
2024,11,Austrian Grand Prix,ZHO,Kick Sauber,20.0,19.0,0.0,Finished,23.0,1,20.0,71.54822727272727,,0.0,35,9,2,12.333333333333334,14.333333333333334,12.8,70.0
2024,19,United States Grand Prix,VER,Red Bull Racing,1.0,1.0,8.0,Finished,19.0,1,1.0,98.1853888888889,,0.0,33,14,28,1.0,4.0,2.4,790.0
2024,19,United States Grand Prix,SAI,Ferrari,2.0,5.0,7.0,Finished,19.0,1,5.0,98.23577777777776,,0.0,29,7,28,5.0,5.666666666666667,9.8,595.0
2024,19,United States Grand Prix,NOR,McLaren,3.0,4.0,6.0,Finished,19.0,1,4.0,98.47894444444444,,0.0,22,10,28,9.666666666666666,8.333333333333334,6.4,775.0
2024,19,United States Grand Prix,LEC,Ferrari,4.0,3.0,5.0,Finished,19.0,1,3.0,98.42977777777776,,0.0,17,7,28,4.333333333333333,4.666666666666667,7.6,595.0
2024,19,United States Grand Prix,RUS,Mercedes,5.0,2.0,4.0,Finished,19.0,1,2.0,98.95655555555555,,0.0,28,11,28,8.0,8.666666666666666,3.6,604.5
2024,19,United States Grand Prix,HAM,Mercedes,6.0,7.0,3.0,Finished,19.0,1,7.0,99.01983333333334,,0.0,12,11,28,8.0,5.0,10.0,604.5
2024,19,United States Grand Prix,MAG,Haas F1 Team,7.0,8.0,2.0,Finished,19.0,1,8.0,99.3537777777778,,0.0,19,8,28,12.333333333333334,15.333333333333334,11.0,73.0
2024,19,United States Grand Prix,HUL,Haas F1 Team,8.0,6.0,1.0,Finished,19.0,1,6.0,99.36311111111112,,0.0,13,8,28,15.0,11.666666666666666,13.4,73.0
2024,19,United States Grand Prix,PER,Red Bull Racing,9.0,11.0,0.0,Finished,19.0,1,11.0,99.51894444444444,,0.0,24,14,28,4.666666666666667,3.3333333333333335,14.8,790.0
2024,19,United States Grand Prix,PIA,McLaren,10.0,16.0,0.0,Finished,19.0,1,16.0,99.53833333333334,,0.0,25,10,28,5.0,2.6666666666666665,10.0,775.0
2024,19,United States Grand Prix,TSU,RB,11.0,9.0,0.0,Finished,19.0,1,9.0,100.046,,0.0,32,12,28,12.333333333333334,11.666666666666666,12.8,40.0
2024,19,United States Grand Prix,COL,Williams,12.0,10.0,0.0,Finished,19.0,1,10.0,100.02261111111112,,0.0,6,15,28,10.480167014613778,15.333333333333334,15.6,124.0
2024,19,United States Grand Prix,STR,Aston Martin,13.0,13.0,0.0,Finished,19.0,1,13.0,100.09794444444444,,0.0,31,4,28,14.333333333333334,14.666666666666666,15.6,266.0
2024,19,United States Grand Prix,GAS,Alpine,14.0,12.0,0.0,Finished,19.0,1,12.0,100.11283333333331,,0.0,9,3,28,12.0,12.666666666666666,13.6,170.0
2024,19,United States Grand Prix,OCO,Alpine,15.0,17.0,0.0,Finished,19.0,1,17.0,100.04133333333334,,0.0,23,3,28,13.0,12.333333333333334,10.8,170.0
2024,19,United States Grand Prix,LAW,RB,16.0,15.0,0.0,Finished,19.0,1,15.0,100.15833333333336,,0.0,16,12,28,20.0,12.666666666666666,12.2,40.0
2024,19,United States Grand Prix,ALB,Williams,17.0,20.0,0.0,Finished,19.0,1,20.0,100.0345,,0.0,0,15,28,15.666666666666666,15.0,13.2,124.0
2024,19,United States Grand Prix,ALO,Aston Martin,18.0,14.0,0.0,Finished,19.0,1,14.0,100.28722222222224,,0.0,1,4,28,17.333333333333332,12.666666666666666,11.2,266.0
2024,19,United States Grand Prix,ZHO,Kick Sauber,19.0,19.0,0.0,Finished,19.0,1,19.0,100.536,,0.0,35,9,28,13.333333333333334,17.333333333333332,12.8,70.0
2024,19,United States Grand Prix,BOT,Kick Sauber,20.0,18.0,0.0,Finished,19.0,1,18.0,100.66388888888888,,0.0,5,9,28,14.666666666666666,19.0,15.8,70.0
2024,21,São Paulo Grand Prix,NOR,McLaren,1.0,2.0,8.0,Finished,24.0,1,2.0,72.98563636363636,83.405,0.006922587909901301,22,10,26,8.666666666666666,5.333333333333333,6.4,775.0
2024,21,São Paulo Grand Prix,PIA,McLaren,2.0,1.0,7.0,Finished,24.0,1,1.0,72.55438095238094,84.686,-0.014114256667929537,25,10,26,6.0,4.666666666666667,10.0,775.0
2024,21,São Paulo Grand Prix,LEC,Ferrari,3.0,3.0,6.0,Finished,24.0,1,3.0,73.21904545454545,84.525,-0.0031550514759984827,17,7,26,4.333333333333333,4.333333333333333,7.6,595.0
2024,21,São Paulo Grand Prix,VER,Red Bull Racing,4.0,4.0,5.0,Finished,24.0,1,4.0,73.00609090909091,,0.0,33,14,26,1.0,6.0,2.4,790.0
2024,21,São Paulo Grand Prix,SAI,Ferrari,5.0,5.0,4.0,Finished,24.0,1,5.0,72.687,,0.0,29,7,26,4.0,3.0,9.8,595.0
2024,21,São Paulo Grand Prix,RUS,Mercedes,6.0,6.0,3.0,Finished,24.0,1,6.0,73.3960909090909,83.578,0.010465740664690637,28,11,26,7.0,5.666666666666667,3.6,604.5
2024,21,São Paulo Grand Prix,GAS,Alpine,7.0,7.0,2.0,Finished,24.0,1,7.0,73.06961904761904,,0.0,9,3,26,11.666666666666666,13.666666666666666,13.6,170.0
2024,21,São Paulo Grand Prix,PER,Red Bull Racing,8.0,13.0,1.0,Finished,24.0,1,13.0,72.89471428571427,,0.0,24,14,26,6.666666666666667,4.666666666666667,14.8,790.0
2024,21,São Paulo Grand Prix,LAW,RB,9.0,8.0,0.0,Finished,24.0,1,8.0,73.14161904761906,84.484,-0.003724391985777342,16,12,26,18.0,13.666666666666666,12.2,40.0
2024,21,São Paulo Grand Prix,ALB,Williams,10.0,9.0,0.0,Finished,24.0,1,9.0,73.2675238095238,84.657,-0.004057144800316936,0,15,26,15.666666666666666,15.333333333333334,13.2,124.0
2024,21,São Paulo Grand Prix,HAM,Mercedes,11.0,11.0,0.0,Finished,24.0,1,11.0,73.434,,0.0,12,11,26,9.333333333333334,5.666666666666667,10.0,604.5
2024,21,São Paulo Grand Prix,COL,Williams,12.0,14.0,0.0,Finished,24.0,1,14.0,73.61757142857144,,0.0,6,15,26,12.0,13.0,15.6,124.0
2024,21,São Paulo Grand Prix,OCO,Alpine,13.0,16.0,0.0,Finished,24.0,1,17.0,73.59547619047619,84.475,0.002564209687361152,23,3,26,13.666666666666666,12.0,10.8,170.0
2024,21,São Paulo Grand Prix,BEA,Haas F1 Team,14.0,10.0,0.0,Finished,24.0,1,10.0,73.72957142857142,,0.0,3,8,26,10.480167014613778,11.333333333333334,10.8,73.0
2024,21,São Paulo Grand Prix,TSU,RB,15.0,17.0,0.0,Finished,24.0,1,18.0,73.85314285714287,84.111,0.010382443437340627,32,12,26,10.666666666666666,12.0,12.8,40.0
2024,21,São Paulo Grand Prix,BOT,Kick Sauber,16.0,15.0,0.0,Finished,24.0,1,15.0,74.02561904761906,,0.0,5,9,26,17.333333333333332,19.666666666666668,15.8,70.0
2024,21,São Paulo Grand Prix,ZHO,Kick Sauber,17.0,20.0,0.0,Finished,24.0,1,20.0,74.23938095238094,,0.0,35,9,26,16.666666666666668,18.333333333333332,12.8,70.0
2024,21,São Paulo Grand Prix,ALO,Aston Martin,18.0,18.0,0.0,Finished,24.0,1,16.0,74.59095238095237,88.998,-0.03741298817672445,1,4,26,16.666666666666668,15.333333333333334,11.2,266.0
2024,21,São Paulo Grand Prix,STR,Aston Martin,19.0,19.0,0.0,Finished,24.0,1,19.0,74.54004761904763,,0.0,31,4,26,14.0,16.333333333333332,15.6,266.0
2024,21,São Paulo Grand Prix,HUL,Haas F1 Team,20.0,12.0,0.0,Retired,19.0,0,12.0,73.5643888888889,,0.0,13,8,26,11.333333333333334,9.666666666666666,13.4,73.0
2024,23,Qatar Grand Prix,PIA,McLaren,1.0,3.0,8.0,Finished,19.0,1,3.0,85.23505555555555,80.829,-0.0065790027202040635,25,10,20,4.666666666666667,4.333333333333333,10.0,775.0
2024,23,Qatar Grand Prix,NOR,McLaren,2.0,1.0,7.0,Finished,19.0,1,1.0,85.30338888888889,80.772,-0.005079288615939204,22,10,20,2.3333333333333335,1.3333333333333333,6.4,775.0
2024,23,Qatar Grand Prix,RUS,Mercedes,3.0,2.0,6.0,Finished,19.0,1,2.0,85.23011111111113,80.575,-0.0034981005276553123,28,11,20,5.0,7.666666666666667,3.6,604.5
2024,23,Qatar Grand Prix,SAI,Ferrari,4.0,4.0,5.0,Finished,19.0,1,4.0,85.22405555555555,81.041,-0.009326544307057483,29,7,20,4.0,4.0,9.8,595.0
2024,23,Qatar Grand Prix,LEC,Ferrari,5.0,5.0,4.0,Finished,19.0,1,5.0,85.35,80.852,-0.005525215461003263,17,7,20,4.666666666666667,4.0,7.6,595.0
2024,23,Qatar Grand Prix,HAM,Mercedes,6.0,7.0,3.0,Finished,19.0,1,7.0,85.433,81.011,-0.006523701901866907,12,11,20,7.666666666666667,6.666666666666667,10.0,604.5
2024,23,Qatar Grand Prix,HUL,Haas F1 Team,7.0,9.0,2.0,Finished,19.0,1,9.0,85.50172222222223,,0.0,13,8,20,15.666666666666666,14.0,13.4,73.0
2024,23,Qatar Grand Prix,VER,Red Bull Racing,8.0,6.0,1.0,Finished,19.0,1,6.0,85.54122222222222,80.52,0.0008028871977787677,33,14,20,2.0,7.0,2.4,790.0
2024,23,Qatar Grand Prix,GAS,Alpine,9.0,8.0,0.0,Finished,19.0,1,8.0,85.80583333333334,,0.0,9,3,20,11.0,11.666666666666666,13.6,170.0
2024,23,Qatar Grand Prix,MAG,Haas F1 Team,10.0,15.0,0.0,Finished,19.0,1,15.0,85.77238888888888,81.5,-0.008615288534855381,19,8,20,11.333333333333334,13.666666666666666,11.0,73.0
2024,23,Qatar Grand Prix,ALO,Aston Martin,11.0,11.0,0.0,Finished,19.0,1,11.0,86.01227777777777,81.251,-0.002746253994578396,1,4,20,17.0,18.333333333333332,11.2,266.0
2024,23,Qatar Grand Prix,BOT,Kick Sauber,12.0,13.0,0.0,Finished,19.0,1,13.0,86.18333333333334,,0.0,5,9,20,18.0,17.666666666666668,15.8,70.0
2024,23,Qatar Grand Prix,STR,Aston Martin,13.0,14.0,0.0,Finished,19.0,1,14.0,86.22627777777778,,0.0,31,4,20,14.0,16.0,15.6,266.0
2024,23,Qatar Grand Prix,OCO,Alpine,14.0,17.0,0.0,Finished,19.0,1,18.0,86.535,,0.0,23,3,20,13.0,9.666666666666666,10.8,170.0
2024,23,Qatar Grand Prix,ALB,Williams,15.0,12.0,0.0,Finished,19.0,1,12.0,86.66366666666666,,0.0,0,15,20,14.666666666666666,13.0,13.2,124.0
2024,23,Qatar Grand Prix,LAW,RB,16.0,10.0,0.0,Finished,19.0,1,10.0,86.67283333333334,,0.0,16,12,20,15.0,13.333333333333334,12.2,40.0
2024,23,Qatar Grand Prix,TSU,RB,17.0,16.0,0.0,Finished,19.0,1,17.0,86.66333333333333,,0.0,32,12,20,13.0,13.333333333333334,12.8,40.0
2024,23,Qatar Grand Prix,COL,Williams,18.0,20.0,0.0,Finished,19.0,1,20.0,86.41161111111111,,0.0,6,15,20,12.0,12.333333333333334,15.6,124.0
2024,23,Qatar Grand Prix,ZHO,Kick Sauber,19.0,18.0,0.0,Finished,19.0,1,19.0,87.45935294117646,,0.0,35,9,20,18.666666666666668,15.0,12.8,70.0
2024,23,Qatar Grand Prix,PER,Red Bull Racing,20.0,19.0,0.0,Finished,19.0,1,16.0,86.67247058823531,81.425,0.0027885668754072945,24,14,20,8.333333333333334,6.666666666666667,14.8,790.0
2025,2,Chinese Grand Prix,HAM,Ferrari,1.0,1.0,8.0,Finished,19.0,1,1.0,96.85177777777778,90.927,-0.016027964087288238,12,7,8,7.666666666666667,4.666666666666667,10.0,595.0
2025,2,Chinese Grand Prix,PIA,McLaren,2.0,3.0,7.0,Finished,19.0,1,3.0,97.11838888888889,90.641,-0.010176977697706757,25,10,8,4.333333333333333,1.6666666666666667,10.0,775.0
2025,2,Chinese Grand Prix,VER,Red Bull Racing,3.0,2.0,6.0,Finished,19.0,1,2.0,97.3536111111111,90.817,-0.009723095403750825,33,14,8,4.333333333333333,12.0,2.4,790.0
2025,2,Chinese Grand Prix,RUS,Mercedes,4.0,5.0,5.0,Finished,19.0,1,5.0,97.31172222222224,90.723,-0.009115182641913022,28,11,8,4.666666666666667,6.666666666666667,3.6,604.5
2025,2,Chinese Grand Prix,LEC,Ferrari,5.0,4.0,4.0,Finished,19.0,1,4.0,97.32566666666666,91.021,-0.012249248698190551,17,7,8,4.0,3.3333333333333335,7.6,595.0
2025,2,Chinese Grand Prix,TSU,Racing Bulls,6.0,8.0,3.0,Finished,19.0,1,8.0,97.83922222222222,91.638,-0.013816644068565753,32,13,8,14.333333333333334,10.480167014613778,12.8,88.0
2025,2,Chinese Grand Prix,ANT,Mercedes,7.0,7.0,2.0,Finished,19.0,1,7.0,97.86155555555555,91.103,-0.0077090651163340684,2,11,8,10.480167014613778,4.333333333333333,5.4,604.5
2025,2,Chinese Grand Prix,NOR,McLaren,8.0,6.0,1.0,Finished,19.0,1,6.0,97.81666666666668,90.793,-0.004757310303577844,22,10,8,2.0,1.6666666666666667,6.4,775.0
2025,2,Chinese Grand Prix,STR,Aston Martin,9.0,10.0,0.0,Finished,19.0,1,10.0,97.93211111111111,,0.0,31,4,8,15.0,14.333333333333334,15.6,266.0
2025,2,Chinese Grand Prix,ALO,Aston Martin,10.0,11.0,0.0,Finished,19.0,1,11.0,98.60522222222221,,0.0,1,4,8,15.666666666666666,11.0,11.2,266.0
2025,2,Chinese Grand Prix,ALB,Williams,11.0,9.0,0.0,Finished,19.0,1,9.0,98.64994444444444,91.706,-0.00633184898273953,0,15,8,14.0,15.0,13.2,124.0
2025,2,Chinese Grand Prix,GAS,Alpine,12.0,17.0,0.0,Finished,19.0,1,17.0,98.58733333333333,,0.0,9,3,8,10.0,12.0,13.6,170.0
2025,2,Chinese Grand Prix,HAD,Racing Bulls,13.0,15.0,0.0,Finished,19.0,1,15.0,98.68900000000001,91.079,0.0009568092382095106,11,13,8,10.480167014613778,6.0,13.8,88.0
2025,2,Chinese Grand Prix,LAW,Red Bull Racing,14.0,19.0,0.0,Finished,19.0,1,20.0,98.74616666666667,,0.0,16,14,8,13.666666666666666,10.333333333333334,12.2,790.0
2025,2,Chinese Grand Prix,BEA,Haas F1 Team,15.0,12.0,0.0,Finished,19.0,1,12.0,98.9738888888889,,0.0,3,8,8,14.0,12.333333333333334,10.8,73.0
2025,2,Chinese Grand Prix,OCO,Haas F1 Team,16.0,18.0,0.0,Finished,19.0,1,18.0,98.87872222222222,,0.0,23,8,8,14.0,10.666666666666666,10.8,73.0
2025,2,Chinese Grand Prix,SAI,Williams,17.0,13.0,0.0,Finished,19.0,1,13.0,98.37488235294119,,0.0,29,15,8,3.6666666666666665,14.666666666666666,9.8,124.0
2025,2,Chinese Grand Prix,BOR,Kick Sauber,18.0,14.0,0.0,Finished,19.0,1,14.0,99.35927777777778,,0.0,4,9,8,10.480167014613778,16.0,14.0,70.0
2025,2,Chinese Grand Prix,HUL,Kick Sauber,19.0,20.0,0.0,Finished,19.0,1,19.0,99.32511111111111,,0.0,13,9,8,11.666666666666666,16.333333333333332,13.4,70.0
2025,2,Chinese Grand Prix,DOO,Alpine,20.0,16.0,0.0,Finished,19.0,1,16.0,99.63072222222222,,0.0,8,3,8,10.480167014613778,11.666666666666666,15.8,170.0
2025,6,Miami Grand Prix,NOR,McLaren,1.0,3.0,8.0,Finished,18.0,1,3.0,101.49563636363636,86.269,-0.023271206709524095,22,10,17,3.6666666666666665,4.0,6.4,775.0
2025,6,Miami Grand Prix,PIA,McLaren,2.0,2.0,7.0,Finished,18.0,1,2.0,101.7182,86.375,-0.02236043107849528,25,10,17,1.6666666666666667,3.6666666666666665,10.0,775.0
2025,6,Miami Grand Prix,HAM,Ferrari,3.0,7.0,6.0,Finished,18.0,1,7.0,103.35418181818181,,0.0,12,7,17,6.0,3.6666666666666665,10.0,595.0
2025,6,Miami Grand Prix,RUS,Mercedes,4.0,5.0,5.0,Finished,18.0,1,5.0,102.73020000000001,86.385,-0.012761213551546802,28,11,17,4.333333333333333,5.666666666666667,3.6,604.5
2025,6,Miami Grand Prix,STR,Aston Martin,5.0,16.0,4.0,Finished,18.0,1,16.0,104.57481818181819,,0.0,31,4,17,13.666666666666666,10.666666666666666,15.6,266.0
2025,6,Miami Grand Prix,TSU,Red Bull Racing,6.0,20.0,3.0,Finished,18.0,1,18.0,106.24400000000001,86.943,0.014517486526888002,32,14,17,12.666666666666666,12.333333333333334,12.8,790.0
2025,6,Miami Grand Prix,ANT,Mercedes,7.0,1.0,2.0,Finished,18.0,1,1.0,102.44733333333335,86.271,-0.014158367580997089,2,11,17,7.0,5.0,5.4,604.5
2025,6,Miami Grand Prix,GAS,Alpine,8.0,13.0,1.0,Finished,18.0,1,13.0,106.514,,0.0,9,3,17,9.333333333333334,15.333333333333334,13.6,170.0
2025,6,Miami Grand Prix,HUL,Kick Sauber,9.0,11.0,0.0,Finished,18.0,1,11.0,106.58518181818182,,0.0,13,9,17,15.333333333333334,18.666666666666668,13.4,70.0
2025,6,Miami Grand Prix,HAD,Racing Bulls,10.0,9.0,0.0,Finished,18.0,1,9.0,104.106,,0.0,11,13,17,13.0,9.5,13.8,88.0
2025,6,Miami Grand Prix,ALB,Williams,11.0,8.0,0.0,Finished,18.0,1,8.0,104.17036363636363,86.682,-0.002370572522173431,0,15,17,12.0,15.333333333333334,13.2,124.0
2025,6,Miami Grand Prix,OCO,Haas F1 Team,12.0,12.0,0.0,Finished,18.0,1,12.0,104.4163,86.824,-0.0016517223348597732,23,8,17,14.333333333333334,13.666666666666666,10.8,73.0
2025,6,Miami Grand Prix,LAW,Racing Bulls,13.0,14.0,0.0,Finished,18.0,1,14.0,105.63854545454545,,0.0,16,13,17,13.0,9.666666666666666,12.2,88.0
2025,6,Miami Grand Prix,BEA,Haas F1 Team,14.0,19.0,0.0,Finished,18.0,1,20.0,106.15383333333334,,0.0,3,8,17,14.5,14.333333333333334,10.8,73.0
2025,6,Miami Grand Prix,BOR,Kick Sauber,15.0,18.0,0.0,Finished,18.0,1,19.0,107.10527272727272,,0.0,4,9,17,18.0,15.333333333333334,14.0,70.0
2025,6,Miami Grand Prix,DOO,Alpine,16.0,17.0,0.0,Finished,18.0,1,17.0,105.6839,,0.0,8,3,17,20.0,13.333333333333334,15.8,170.0
2025,6,Miami Grand Prix,VER,Red Bull Racing,17.0,4.0,0.0,Finished,18.0,1,4.0,101.941,86.204,-0.018244222590051984,33,14,17,5.0,7.666666666666667,2.4,790.0
2025,6,Miami Grand Prix,ALO,Aston Martin,18.0,10.0,0.0,Retired,13.0,0,10.0,103.2956,,0.0,1,4,17,13.0,8.0,11.2,266.0
2025,6,Miami Grand Prix,SAI,Williams,19.0,15.0,0.0,Retired,12.0,0,15.0,103.914625,86.569,-0.0035188704716528907,29,15,17,8.666666666666666,13.0,9.8,124.0
2025,6,Miami Grand Prix,LEC,Ferrari,20.0,6.0,0.0,Retired,0.0,0,6.0,104.17036363636363,86.754,0.0,17,7,17,4.333333333333333,3.0,7.6,595.0
2025,13,Belgian Grand Prix,VER,Red Bull Racing,1.0,2.0,8.0,Finished,15.0,1,2.0,106.41621428571428,100.903,-0.008246554313929177,33,14,5,9.333333333333334,12.333333333333334,2.4,790.0
2025,13,Belgian Grand Prix,PIA,McLaren,2.0,1.0,7.0,Finished,15.0,1,1.0,106.4252857142857,100.647,-0.0056334061704055305,25,10,5,1.6666666666666667,3.6666666666666665,10.0,775.0
2025,13,Belgian Grand Prix,NOR,McLaren,3.0,3.0,6.0,Finished,15.0,1,3.0,106.37785714285714,100.562,-0.005234310324080282,22,10,5,3.6666666666666665,1.6666666666666667,6.4,775.0
2025,13,Belgian Grand Prix,LEC,Ferrari,4.0,4.0,5.0,Finished,15.0,1,4.0,107.03707142857142,100.9,-0.0024496717259325784,17,7,5,10.0,9.333333333333334,7.6,595.0
2025,13,Belgian Grand Prix,OCO,Haas F1 Team,5.0,5.0,4.0,Finished,15.0,1,5.0,107.1935,,0.0,23,8,5,14.0,14.0,10.8,73.0
2025,13,Belgian Grand Prix,SAI,Williams,6.0,6.0,3.0,Finished,15.0,1,6.0,107.22628571428572,,0.0,29,15,5,13.333333333333334,15.666666666666666,9.8,124.0
2025,13,Belgian Grand Prix,BEA,Haas F1 Team,7.0,7.0,2.0,Finished,15.0,1,7.0,107.43735714285712,,0.0,3,8,5,14.333333333333334,10.333333333333334,10.8,73.0
2025,13,Belgian Grand Prix,HAD,Racing Bulls,8.0,9.0,1.0,Finished,15.0,1,9.0,107.4265,101.31,-0.002882366455438823,11,13,5,11.5,12.0,13.8,88.0
2025,13,Belgian Grand Prix,BOR,Kick Sauber,9.0,10.0,0.0,Finished,15.0,1,10.0,107.60064285714284,102.387,-0.011903809980068791,4,9,5,16.5,14.333333333333334,14.0,70.0
2025,13,Belgian Grand Prix,LAW,Racing Bulls,10.0,11.0,0.0,Finished,15.0,1,11.0,107.61335714285714,101.328,-0.0013244308015339934,16,13,5,14.333333333333334,10.333333333333334,12.2,88.0
2025,13,Belgian Grand Prix,TSU,Red Bull Racing,11.0,12.0,0.0,Finished,15.0,1,12.0,107.69114285714285,101.284,-0.00016721450299383989,32,14,5,9.666666666666666,8.0,12.8,790.0
2025,13,Belgian Grand Prix,RUS,Mercedes,12.0,13.0,0.0,Finished,15.0,1,13.0,107.75514285714289,101.26,0.0006643750440162854,28,11,5,3.6666666666666665,6.0,3.6,604.5
2025,13,Belgian Grand Prix,STR,Aston Martin,13.0,15.0,0.0,Finished,15.0,1,15.0,107.769,,0.0,31,4,5,9.0,11.0,15.6,266.0
2025,13,Belgian Grand Prix,ALO,Aston Martin,14.0,14.0,0.0,Finished,15.0,1,14.0,107.91614285714286,,0.0,1,4,5,13.0,12.0,11.2,266.0
2025,13,Belgian Grand Prix,HAM,Ferrari,15.0,18.0,0.0,Finished,15.0,1,18.0,107.89957142857142,,0.0,12,7,5,3.3333333333333335,9.0,10.0,595.0
2025,13,Belgian Grand Prix,ALB,Williams,16.0,16.0,0.0,Finished,15.0,1,16.0,108.02514285714287,101.201,0.0037552791135678776,0,15,5,12.333333333333334,12.0,13.2,124.0
2025,13,Belgian Grand Prix,ANT,Mercedes,17.0,19.0,0.0,Finished,15.0,1,20.0,108.00335714285714,,0.0,2,11,5,7.0,7.666666666666667,5.4,604.5
2025,13,Belgian Grand Prix,HUL,Kick Sauber,18.0,17.0,0.0,Finished,15.0,1,17.0,108.12321428571431,,0.0,13,9,5,11.666666666666666,11.0,13.4,70.0
2025,13,Belgian Grand Prix,COL,Alpine,19.0,20.0,0.0,Finished,15.0,1,19.0,108.40842857142856,,0.0,6,3,5,14.0,14.666666666666666,15.6,170.0
2025,13,Belgian Grand Prix,GAS,Alpine,20.0,8.0,0.0,Retired,12.0,0,8.0,108.69727272727273,,0.0,9,3,5,9.666666666666666,14.333333333333334,13.6,170.0
2025,19,United States Grand Prix,VER,Red Bull Racing,1.0,1.0,8.0,Finished,19.0,1,1.0,97.4931,92.51,-0.008917250799634235,33,14,28,7.0,9.666666666666666,2.4,790.0
2025,19,United States Grand Prix,RUS,Mercedes,2.0,5.0,7.0,Finished,19.0,1,5.0,97.7053,92.826,-0.010169439372234024,28,11,28,6.666666666666667,12.0,3.6,604.5
2025,19,United States Grand Prix,SAI,Williams,3.0,7.0,6.0,Finished,19.0,1,7.0,97.99149999999999,93.15,-0.010759374611723937,29,15,28,14.0,13.666666666666666,9.8,124.0
2025,19,United States Grand Prix,HAM,Ferrari,4.0,8.0,5.0,Finished,19.0,1,8.0,98.0024,92.912,-0.00808996065649037,12,7,28,6.333333333333333,13.0,10.0,595.0
2025,19,United States Grand Prix,LEC,Ferrari,5.0,10.0,4.0,Finished,19.0,1,10.0,98.2041,92.807,-0.004921344549254081,17,7,28,9.666666666666666,7.666666666666667,7.6,595.0
2025,19,United States Grand Prix,ALB,Williams,6.0,9.0,3.0,Finished,19.0,1,9.0,98.7221,,0.0,0,15,28,12.666666666666666,8.333333333333334,13.2,124.0
2025,19,United States Grand Prix,TSU,Red Bull Racing,7.0,18.0,2.0,Finished,19.0,1,18.0,98.77920000000002,,0.0,32,14,28,7.666666666666667,4.333333333333333,12.8,790.0
2025,19,United States Grand Prix,ANT,Mercedes,8.0,11.0,1.0,Finished,19.0,1,11.0,98.8642,93.114,-0.001547660512538629,2,11,28,10.333333333333334,10.333333333333334,5.4,604.5
2025,19,United States Grand Prix,LAW,Racing Bulls,9.0,15.0,0.0,Finished,19.0,1,15.0,99.06739999999999,,0.0,16,13,28,12.333333333333334,10.333333333333334,12.2,88.0
2025,19,United States Grand Prix,GAS,Alpine,10.0,13.0,0.0,Finished,19.0,1,13.0,99.48660000000001,,0.0,9,3,28,13.333333333333334,18.333333333333332,13.6,170.0
2025,19,United States Grand Prix,BOR,Kick Sauber,11.0,20.0,0.0,Finished,19.0,1,20.0,99.5998,,0.0,4,9,28,14.0,14.0,14.0,70.0
2025,19,United States Grand Prix,HAD,Racing Bulls,12.0,12.0,0.0,Finished,19.0,1,12.0,99.4555,,0.0,11,13,28,10.333333333333334,9.0,13.8,88.0
2025,19,United States Grand Prix,HUL,Kick Sauber,13.0,4.0,0.0,Finished,19.0,1,4.0,99.60249999999999,,0.0,13,9,28,15.333333333333334,12.666666666666666,13.4,70.0
2025,19,United States Grand Prix,COL,Alpine,14.0,17.0,0.0,Finished,19.0,1,17.0,99.82929999999999,,0.0,6,3,28,16.333333333333332,16.333333333333332,15.6,170.0
2025,19,United States Grand Prix,BEA,Haas F1 Team,15.0,16.0,0.0,Finished,19.0,1,16.0,98.8939,93.139,-0.0015161616378844833,3,8,28,12.0,8.666666666666666,10.8,73.0
2025,19,United States Grand Prix,OCO,Haas F1 Team,16.0,19.0,0.0,Retired,15.0,0,19.0,99.36999999999999,,0.0,23,8,28,11.0,9.0,10.8,73.0
2025,19,United States Grand Prix,STR,Aston Martin,17.0,14.0,0.0,Retired,15.0,0,14.0,99.2991,,0.0,31,4,28,9.0,15.0,15.6,266.0
2025,19,United States Grand Prix,NOR,McLaren,18.0,2.0,0.0,Retired,0.0,0,2.0,98.8939,92.801,0.0,22,10,28,4.0,2.3333333333333335,6.4,775.0
2025,19,United States Grand Prix,PIA,McLaren,19.0,3.0,0.0,Retired,0.0,0,3.0,98.8939,93.084,0.0,25,10,28,2.0,7.666666666666667,10.0,775.0
2025,19,United States Grand Prix,ALO,Aston Martin,20.0,6.0,0.0,Retired,0.0,0,6.0,98.8939,93.16,0.0,1,4,28,14.0,14.666666666666666,11.2,266.0
2025,21,São Paulo Grand Prix,NOR,McLaren,1.0,1.0,8.0,Finished,24.0,1,1.0,73.01329999999999,69.511,-0.012340620189040141,22,10,26,7.333333333333333,13.333333333333334,6.4,775.0
2025,21,São Paulo Grand Prix,ANT,Mercedes,2.0,2.0,7.0,Finished,24.0,1,2.0,73.08685,69.685,-0.013839800850095618,2,11,26,10.666666666666666,9.0,5.4,604.5
2025,21,São Paulo Grand Prix,RUS,Mercedes,3.0,4.0,6.0,Finished,24.0,1,4.0,73.25055,69.942,-0.015313814943383797,28,11,26,6.0,4.0,3.6,604.5
2025,21,São Paulo Grand Prix,VER,Red Bull Racing,4.0,6.0,5.0,Finished,24.0,1,6.0,73.35645000000001,,0.0,33,14,26,6.333333333333333,6.333333333333333,2.4,790.0
2025,21,São Paulo Grand Prix,LEC,Ferrari,5.0,8.0,4.0,Finished,24.0,1,8.0,73.97245,69.805,-0.0036498248760523655,17,7,26,9.666666666666666,8.0,7.6,595.0
2025,21,São Paulo Grand Prix,ALO,Aston Martin,6.0,5.0,3.0,Finished,24.0,1,5.0,74.10069999999999,,0.0,1,4,26,17.333333333333332,17.0,11.2,266.0
2025,21,São Paulo Grand Prix,HAM,Ferrari,7.0,11.0,2.0,Finished,24.0,1,11.0,74.05785,,0.0,12,7,26,7.333333333333333,4.666666666666667,10.0,595.0
2025,21,São Paulo Grand Prix,GAS,Alpine,8.0,13.0,1.0,Finished,24.0,1,13.0,74.10715000000002,70.002,-0.004655787692436353,9,3,26,12.666666666666666,14.666666666666666,13.6,170.0
2025,21,São Paulo Grand Prix,STR,Aston Martin,9.0,7.0,0.0,Finished,24.0,1,7.0,74.30460000000001,,0.0,31,4,26,11.666666666666666,14.333333333333334,15.6,266.0
2025,21,São Paulo Grand Prix,HAD,Racing Bulls,10.0,9.0,0.0,Finished,24.0,1,9.0,74.71060000000001,69.931,0.004472072520974701,11,13,26,10.0,10.333333333333334,13.8,88.0
2025,21,São Paulo Grand Prix,OCO,Haas F1 Team,11.0,18.0,0.0,Finished,24.0,1,19.0,74.81805,,0.0,23,8,26,11.0,12.666666666666666,10.8,73.0
2025,21,São Paulo Grand Prix,BEA,Haas F1 Team,12.0,15.0,0.0,Finished,24.0,1,15.0,74.75480000000002,69.977,0.004408548407241808,3,8,26,12.0,14.0,10.8,73.0
2025,21,São Paulo Grand Prix,TSU,Red Bull Racing,13.0,19.0,0.0,Finished,24.0,1,18.0,75.08134999999999,,0.0,32,14,26,8.0,4.0,12.8,790.0
2025,21,São Paulo Grand Prix,SAI,Williams,14.0,20.0,0.0,Finished,24.0,1,20.0,74.96294999999999,,0.0,29,15,26,9.333333333333334,8.333333333333334,9.8,124.0
2025,21,São Paulo Grand Prix,HUL,Kick Sauber,15.0,10.0,0.0,Finished,24.0,1,10.0,74.77399999999999,70.039,0.0037801506424504083,13,9,26,13.333333333333334,14.0,13.4,70.0
2025,21,São Paulo Grand Prix,LAW,Racing Bulls,16.0,17.0,0.0,Finished,24.0,1,17.0,75.2317,69.962,0.01103437094041082,16,13,26,10.666666666666666,10.333333333333334,12.2,88.0
2025,21,São Paulo Grand Prix,ALB,Williams,17.0,12.0,0.0,Finished,24.0,1,12.0,74.463,,0.0,0,15,26,11.0,7.666666666666667,13.2,124.0
2025,21,São Paulo Grand Prix,BOR,Kick Sauber,18.0,14.0,0.0,Retired,23.0,0,14.0,74.57626315789474,,0.0,4,9,26,11.666666666666666,13.0,14.0,70.0
2025,21,São Paulo Grand Prix,PIA,McLaren,19.0,3.0,0.0,Retired,5.0,0,3.0,73.46225,69.886,-0.01166703875825248,25,10,26,7.666666666666667,12.666666666666666,10.0,775.0
2025,21,São Paulo Grand Prix,COL,Alpine,20.0,16.0,0.0,Retired,5.0,0,16.0,75.22375,,0.0,6,3,26,17.0,10.666666666666666,15.6,170.0
2025,23,Qatar Grand Prix,PIA,McLaren,1.0,1.0,8.0,Finished,19.0,1,1.0,84.7505,79.387,-0.00777570941195338,25,10,20,13.333333333333334,13.0,10.0,775.0
2025,23,Qatar Grand Prix,RUS,Mercedes,2.0,2.0,7.0,Finished,19.0,1,2.0,84.95477777777779,79.662,-0.008840339224872928,28,11,20,5.666666666666667,4.333333333333333,3.6,604.5
2025,23,Qatar Grand Prix,NOR,McLaren,3.0,3.0,6.0,Finished,19.0,1,3.0,84.9633888888889,79.495,-0.006652255180907729,22,10,20,7.333333333333333,7.0,6.4,775.0
2025,23,Qatar Grand Prix,VER,Red Bull Racing,4.0,6.0,5.0,Finished,19.0,1,6.0,85.0832777777778,79.651,-0.007209621002780886,33,14,20,2.0,8.0,2.4,790.0
2025,23,Qatar Grand Prix,TSU,Red Bull Racing,5.0,5.0,4.0,Finished,19.0,1,5.0,85.3185,,0.0,32,14,20,10.333333333333334,7.0,12.8,790.0
2025,23,Qatar Grand Prix,ANT,Mercedes,6.0,7.0,3.0,Finished,19.0,1,7.0,85.3586111111111,79.846,-0.006448327545473975,2,11,20,9.0,2.3333333333333335,5.4,604.5
2025,23,Qatar Grand Prix,ALO,Aston Martin,7.0,4.0,2.0,Finished,19.0,1,4.0,85.84716666666665,80.418,-0.007923047323098897,1,4,20,13.333333333333334,11.666666666666666,11.2,266.0
2025,23,Qatar Grand Prix,SAI,Williams,8.0,8.0,1.0,Finished,19.0,1,8.0,85.92455555555554,80.287,-0.00538587062263185,29,15,20,7.666666666666667,12.333333333333334,9.8,124.0
2025,23,Qatar Grand Prix,HAD,Racing Bulls,9.0,11.0,0.0,Finished,19.0,1,11.0,85.95816666666667,80.114,-0.0028322651316634584,11,13,20,10.0,12.666666666666666,13.8,88.0
2025,23,Qatar Grand Prix,ALB,Williams,10.0,10.0,0.0,Finished,19.0,1,10.0,85.95533333333333,,0.0,0,15,20,13.0,13.0,13.2,124.0
2025,23,Qatar Grand Prix,BOR,Kick Sauber,11.0,13.0,0.0,Finished,19.0,1,13.0,86.15727777777778,,0.0,4,9,20,12.666666666666666,15.333333333333334,14.0,70.0
2025,23,Qatar Grand Prix,BEA,Haas F1 Team,12.0,12.0,0.0,Finished,19.0,1,12.0,86.20927777777777,,0.0,3,8,20,11.333333333333334,13.0,10.8,73.0
2025,23,Qatar Grand Prix,LEC,Ferrari,13.0,9.0,0.0,Finished,19.0,1,9.0,86.21972222222222,80.561,-0.0053818586328227,17,7,20,4.666666666666667,5.666666666666667,7.6,595.0
2025,23,Qatar Grand Prix,LAW,Racing Bulls,14.0,16.0,0.0,Finished,19.0,1,17.0,86.30216666666666,,0.0,16,13,20,11.666666666666666,11.666666666666666,12.2,88.0
2025,23,Qatar Grand Prix,OCO,Haas F1 Team,15.0,15.0,0.0,Finished,19.0,1,15.0,86.38211111111112,,0.0,23,8,20,10.666666666666666,11.666666666666666,10.8,73.0
2025,23,Qatar Grand Prix,HUL,Kick Sauber,16.0,14.0,0.0,Finished,19.0,1,14.0,86.40944444444443,,0.0,13,9,20,15.333333333333334,14.666666666666666,13.4,70.0
2025,23,Qatar Grand Prix,HAM,Ferrari,17.0,18.0,0.0,Finished,19.0,1,18.0,86.73211111111112,,0.0,12,7,20,8.666666666666666,8.333333333333334,10.0,595.0
2025,23,Qatar Grand Prix,GAS,Alpine,18.0,19.0,0.0,Finished,19.0,1,19.0,86.69952941176473,80.477,0.0012438151469749137,9,3,20,12.666666666666666,14.0,13.6,170.0
2025,23,Qatar Grand Prix,STR,Aston Martin,19.0,17.0,0.0,Finished,19.0,1,16.0,87.11105882352942,,0.0,31,4,20,13.0,7.333333333333333,15.6,266.0
2025,23,Qatar Grand Prix,COL,Alpine,20.0,20.0,0.0,Finished,19.0,1,20.0,87.06617647058825,,0.0,6,3,20,17.666666666666668,15.333333333333334,15.6,170.0
